FileName,Predicted,Actual
6174,0,0
6175,0,0
6176,0,0
6177,0,0
6178,0,0
6179,0,0
6180,0,0
6181,0,0
6182,1,0
6183,0,0
6184,0,1
6185,0,0
6186,0,0
6187,0,0
6188,0,0
6189,0,0
6190,0,1
6191,0,0
6192,1,0
6193,1,0
6194,0,0
6195,1,0
6196,0,0
6197,0,1
6198,0,0
6199,0,0
6200,0,0
6202,0,1
6203,0,0
6204,0,1
6205,0,0
6206,0,1
6207,0,0
6208,0,0
6210,0,0
6211,0,0
6212,0,0
6213,1,0
6214,0,0
6215,0,0
6216,0,0
6217,0,0
6218,0,0
6219,0,1
6220,1,0
6221,1,0
6222,0,0
6223,0,0
6224,0,1
6225,1,0
6226,0,0
6227,0,0
6228,1,0
6229,0,1
6230,0,0
6231,0,0
6232,0,0
6233,0,0
6234,1,0
6235,0,0
6236,0,1
6237,0,0
6238,1,0
2174,0,0
2175,0,0
2176,1,0
2177,0,0
2178,0,1
2179,0,1
2180,0,1
2181,0,1
2182,0,1
2183,0,0
2184,0,1
2185,1,0
2186,1,1
2187,0,0
2188,1,1
2189,0,0
2190,0,0
2191,0,1
2192,0,0
2193,0,0
2194,1,0
2195,0,0
2196,1,0
2197,0,0
2198,1,1
2199,0,0
2200,1,0
2201,0,0
2202,0,0
2203,0,0
2204,0,1
2205,0,1
2206,0,0
2207,0,0
2208,0,0
2209,0,0
2210,0,1
2211,0,0
2212,0,0
2213,1,0
2214,0,1
2215,0,1
2216,0,0
2217,0,0
2218,1,1
2219,0,1
2220,0,0
2221,0,0
2222,0,0
2223,1,0
2224,0,1
2225,0,0
2226,0,1
2227,0,0
2228,0,0
2229,0,1
2230,0,0
2231,1,0
2232,0,0
2233,0,1
2234,0,0
2235,0,0
2236,0,1
2237,0,0
2238,0,0
2239,0,0
2240,0,0
2241,0,1
2242,0,0
2243,0,0
2244,0,1
2245,0,1
2246,0,0
2247,0,0
2248,0,1
2249,0,0
2250,0,1
2251,1,0
2252,0,0
2253,1,0
2254,1,0
2255,0,0
2256,1,0
2257,0,1
2258,0,0
2259,0,0
3001,1,0
3002,0,0
3003,0,1
3004,1,0
3005,0,0
3006,0,1
3007,0,0
3008,0,0
3009,0,0
3010,1,0
3011,0,0
3012,1,1
3013,0,0
3014,1,0
3015,0,0
3016,1,1
3017,1,1
3018,0,0
3019,0,1
3020,0,0
3021,0,0
3022,0,1
3023,0,1
3024,0,1
3025,0,1
3026,0,1
3027,1,1
3028,0,1
3029,0,0
3030,0,1
3031,0,0
3032,0,0
3033,0,1
3034,0,0
3035,0,1
3036,0,1
3037,0,0
3038,0,0
3039,0,1
3040,0,0
3041,0,0
3042,1,1
3043,0,1
3044,0,0
3045,0,1
3046,0,0
3047,0,0
3048,0,1
3049,1,0
3050,0,0
3051,0,1
3052,0,0
3053,0,0
3054,0,0
3055,0,1
3056,0,0
3057,0,1
3058,0,1
3059,0,0
3061,0,1
3062,0,1
3063,0,1
3064,0,0
3065,1,0
3066,0,0
3068,0,0
3069,0,1
3070,1,0
3071,0,0
3072,0,0
3074,1,0
3075,0,1
3076,0,1
3078,0,1
3079,0,1
3080,0,0
3081,0,0
3082,0,0
3083,0,0
3084,0,0
3085,0,0
3086,1,1
3087,0,0
3088,0,0
3089,0,0
3090,0,0
3091,0,0
3092,0,0
3093,0,1
3094,0,0
3095,0,0
3096,0,0
3097,0,0
3098,0,0
3099,1,1
3100,1,0
3101,0,0
3102,0,1
3103,0,1
3104,0,0
3105,0,1
3106,0,0
3107,0,0
3108,0,0
3109,0,0
3110,0,1
3111,0,1
3112,0,1
3113,0,1
3114,0,1
3115,0,0
3116,0,0
3117,0,1
3118,0,0
3119,0,1
3120,1,1
3121,1,1
3122,0,0
3123,0,0
3124,0,0
3125,1,0
3126,1,0
3127,1,0
3128,0,0
3130,0,1
3131,0,0
3132,0,0
3133,0,0
3134,0,0
3135,0,1
3136,0,1
3137,0,0
3138,0,1
3139,0,0
3140,0,0
3142,0,0
3143,0,0
3144,0,0
3145,0,1
3146,0,1
3148,0,0
3149,0,0
3150,0,0
3151,0,1
3152,1,1
3153,0,0
3154,0,1
3155,0,1
3156,0,0
3157,0,1
3158,0,0
3159,0,0
3160,0,0
3161,1,1
3163,0,0
3164,1,0
3165,0,0
3166,0,0
3167,0,0
3168,0,0
3169,0,0
3170,0,1
3171,0,1
3172,1,0
3173,0,0
3174,0,0
3175,0,0
3176,0,0
3177,0,0
3178,0,0
3179,1,0
3180,0,0
3181,1,0
3182,0,0
3183,0,0
3184,0,0
3186,0,0
3187,0,1
3188,0,1
3189,0,0
3190,1,0
3191,0,0
3192,0,0
3193,0,0
3194,0,0
3196,1,0
3197,0,1
3198,0,0
3199,0,0
3200,1,0
3201,0,0
3203,0,1
3204,1,0
3205,1,1
3206,0,0
3207,0,0
3208,0,0
3209,0,0
3210,0,1
3211,0,0
3212,0,1
3214,0,0
3215,1,0
3216,0,0
3217,0,1
3218,1,0
3219,0,0
3220,0,1
3221,1,0
3222,0,0
3223,0,0
3224,0,0
3225,0,1
3226,0,1
3227,0,0
3228,0,1
3229,0,1
3230,0,0
3231,0,1
3232,0,1
3233,1,1
3234,0,0
3235,0,0
3236,0,1
3237,0,1
3238,0,1
3239,0,0
3240,0,1
3241,0,1
3242,0,1
3243,0,0
3244,0,1
3245,0,1
3246,1,0
3247,0,0
3248,0,0
3249,1,0
3250,0,1
3251,0,0
3252,0,0
3253,0,0
3254,1,0
3255,0,0
3256,0,1
3257,0,1
3258,0,0
3259,1,0
3260,0,0
3261,0,1
3262,0,1
3263,0,0
3264,0,0
3265,0,1
3266,0,0
3267,0,1
3270,0,1
3271,0,1
3272,0,0
3273,1,0
3274,0,0
3275,0,0
3276,0,0
3277,0,0
3278,1,0
3279,0,1
3280,0,0
3281,0,1
3282,0,0
3283,0,0
3284,0,0
3285,0,1
3286,0,0
3287,0,0
3288,0,0
3289,0,0
3290,1,1
3291,1,1
3292,0,0
3293,0,0
3294,0,1
3295,1,0
3296,0,0
3297,1,0
3298,1,1
3299,0,0
3300,0,0
3301,1,0
4001,0,0
4002,1,1
4003,0,0
4004,0,0
4005,0,0
4006,0,1
4007,0,1
4008,0,0
4009,1,1
4010,0,1
4011,0,1
4012,0,0
4014,1,0
4015,0,0
4016,0,0
4017,0,0
4018,0,1
4019,0,0
4020,0,0
4021,0,0
4022,0,1
4023,0,0
4024,0,0
4025,0,0
4026,0,0
4027,1,0
4029,0,1
4030,1,0
4031,0,0
4032,0,0
4033,0,0
4034,0,1
4035,0,0
4036,0,0
4037,0,0
4038,0,1
4039,0,0
4040,0,0
4041,0,0
4042,0,1
4043,0,0
4044,0,0
4045,0,0
4046,0,0
4047,1,1
4048,0,1
4049,0,0
4050,1,0
4051,0,0
4052,0,1
4053,0,0
4055,0,1
4056,0,0
4057,0,0
4058,0,0
4059,0,0
4060,0,0
4061,0,0
4062,0,1
4063,0,0
4064,0,0
4065,0,0
4066,0,0
4067,0,0
4068,1,0
4069,0,0
4070,0,0
4072,0,1
4073,0,0
4074,0,0
4075,0,0
4076,0,0
4077,0,0
4078,0,0
4079,0,0
4080,0,1
4081,0,0
4082,0,0
4083,0,0
4084,0,1
4085,0,0
4086,0,0
4087,0,0
4088,0,0
4089,0,0
4090,0,0
4091,0,0
4092,0,0
4093,0,0
4094,1,0
4095,0,0
4096,0,1
4097,0,0
4098,0,0
4099,0,0
4100,0,0
4101,0,0
4102,0,0
4103,0,0
4104,0,0
4105,0,0
4106,0,0
4107,0,1
4108,0,0
4109,0,1
4110,0,1
4111,0,1
4114,0,0
4115,1,0
4116,0,0
4117,0,0
4118,0,0
4121,0,0
4122,0,1
4123,0,1
4124,0,1
4125,0,0
4126,1,0
4127,1,0
4128,0,0
4129,0,0
4130,0,0
4131,0,0
4132,0,0
4133,0,0
4134,1,0
4135,0,0
4136,0,1
4137,0,0
4138,0,1
4139,0,0
4140,0,0
4141,0,1
4142,0,0
4143,1,0
4144,0,0
4145,0,0
4146,0,0
4147,0,0
4148,0,1
4149,1,0
4150,0,1
4151,0,0
4152,0,0
4153,0,1
4154,0,0
4155,0,1
4157,0,0
4159,0,0
4160,0,1
4161,0,0
4162,0,1
4163,0,0
4164,1,0
4165,0,1
4166,0,0
4167,0,1
4168,0,0
4169,0,0
4170,0,1
4171,1,0
4172,0,0
4173,0,1
4174,0,0
4175,0,0
4176,0,0
4177,0,1
4178,0,0
4179,0,0
4180,0,0
4181,1,0
4182,0,0
4183,1,0
4184,0,0
4185,0,0
1002,0,1
1003,0,0
1004,1,0
1005,0,0
1006,1,0
1007,0,0
1008,0,0
1009,0,0
1010,0,0
1011,0,0
1012,0,1
1013,0,0
1014,0,0
1015,0,0
1016,0,0
1017,0,0
1018,0,0
1019,0,0
1020,0,0
1021,0,0
1022,0,0
1023,0,1
1024,0,1
1025,0,1
1026,0,0
1027,0,1
1028,0,0
1029,0,0
1030,0,1
1031,0,0
1032,0,1
1033,0,1
1034,0,0
1035,0,1
1036,0,1
1037,0,0
1038,0,0
1039,0,0
1040,0,0
1041,1,1
1042,1,0
1043,0,0
1044,0,0
1045,1,0
1046,0,1
1047,0,1
1048,0,0
1049,0,0
1050,0,0
1051,0,0
1052,0,0
1053,0,1
1054,0,0
1055,0,1
1056,0,1
1057,1,0
1058,1,0
1059,0,0
1060,1,0
1061,0,0
1062,0,0
1063,0,0
1065,0,0
1066,0,0
1067,0,0
1068,1,1
1069,0,0
1070,1,0
1071,0,1
1072,0,0
1073,0,0
1074,1,0
1075,0,0
1076,0,0
1077,0,0
1078,0,0
1079,0,0
1080,0,0
1081,0,0
1082,0,1
1083,0,1
1084,1,1
1085,0,1
1086,0,0
1087,0,0
1088,0,0
1089,0,0
1090,0,0
1091,0,0
1092,0,1
1094,1,0
1095,0,0
1096,0,0
1097,0,0
1098,0,0
1099,0,0
1100,0,0
1101,0,0
1102,0,0
1103,0,0
1104,0,0
1105,0,0
1106,0,0
1107,0,0
1108,0,0
1109,0,0
1110,0,1
1111,1,0
1112,0,1
1114,1,0
1115,0,0
1116,0,0
1118,0,0
1119,0,0
1120,0,0
1121,0,1
1122,0,1
1123,0,0
1124,0,1
1125,0,0
1126,0,0
1127,0,0
1128,0,0
1129,0,1
1130,0,0
1131,0,1
1132,0,1
1133,0,1
1134,0,1
1135,1,0
1136,0,0
1138,0,1
1140,0,0
1141,0,0
1142,0,0
1143,0,1
1144,0,0
1145,1,1
1146,0,0
1147,0,0
1148,0,0
1149,0,0
1150,0,0
1151,0,0
1152,0,0
1153,0,0
1154,0,0
1155,0,0
1156,0,0
1157,0,0
1158,0,1
1159,0,1
1160,0,0
1161,0,0
1162,1,0
1163,0,0
1164,1,0
1165,0,0
1166,0,0
1167,1,0
1168,0,0
1169,0,0
1170,1,0
1171,0,0
1172,1,0
1173,0,0
1174,0,0
1175,0,1
1176,0,0
1177,1,0
1178,0,0
1179,0,0
1180,0,0
1181,0,0
1182,0,1
1183,0,1
1184,0,0
1185,0,0
1186,0,0
1187,0,0
1189,0,0
1190,0,0
1191,0,0
1192,0,1
1193,0,0
1194,0,0
1195,0,0
1196,0,0
1197,0,1
1198,0,0
1199,0,1
1200,0,0
1201,0,1
1202,0,0
1203,0,1
1204,0,1
1205,0,1
1206,0,1
1207,1,0
1208,0,0
1209,0,1
1210,0,1
1211,0,1
1212,0,0
1213,0,0
1215,0,1
1216,0,1
1217,0,1
1218,0,0
1219,0,0
1220,0,0
1221,0,1
1222,1,1
2001,0,0
2002,0,0
2003,0,1
2004,0,0
2005,0,1
2006,0,1
2007,0,1
2008,0,0
2009,0,0
2010,0,0
2011,0,0
2012,0,0
2013,0,0
2014,1,0
2015,0,1
2016,0,0
2017,0,1
2018,0,0
2019,0,0
2020,0,1
2021,0,1
2022,0,1
2023,1,0
2024,1,0
2025,0,0
2026,0,0
2027,0,0
2028,0,0
2029,0,0
2030,0,1
2031,0,0
2032,0,0
2033,0,0
2034,0,1
2035,0,0
2036,0,1
2037,0,0
2038,0,0
2039,1,0
2040,0,0
2041,0,0
2042,0,1
2043,0,0
2044,0,1
2045,1,0
2046,1,0
2047,1,1
2048,1,0
2049,0,0
2050,0,0
2051,0,0
2052,0,0
2053,0,1
2054,0,1
2055,1,1
2056,1,0
2057,0,0
2058,1,1
2059,1,1
2061,0,1
2062,0,1
2063,1,0
2064,0,1
2065,0,0
2066,0,1
2067,0,0
2068,0,0
2069,0,0
2070,0,0
2071,1,0
2072,0,0
2073,0,0
2074,0,0
2075,0,1
2076,0,0
2077,0,0
2078,0,0
2079,0,0
2080,0,0
2081,0,1
2082,0,0
2083,0,0
2084,0,0
2085,0,0
2086,0,0
2087,0,0
2088,0,1
2089,0,0
2090,0,0
2091,0,0
2092,0,1
2093,0,1
2094,0,0
2095,0,0
2096,0,0
2097,0,0
2099,0,0
2101,0,0
2102,0,0
2103,0,0
2104,0,0
2105,0,0
2106,1,0
2107,0,1
2108,0,0
2109,0,1
2110,0,0
2111,0,1
2112,0,0
2113,1,0
2114,1,0
2115,0,0
2116,0,1
2117,0,0
2118,0,1
2119,0,0
2120,0,0
2121,0,0
2122,1,1
2123,0,1
2124,0,0
2125,0,1
2126,0,1
2127,0,1
2128,1,0
2129,0,1
2130,0,0
2131,0,0
2132,0,0
2133,0,0
2134,0,1
2135,0,0
2137,0,0
2136,1,1
2138,0,0
2139,0,0
2140,0,1
2141,0,0
2142,0,1
2143,0,0
2144,0,1
2145,0,0
2146,1,0
2147,0,0
2148,0,1
2149,0,0
2150,0,0
2151,0,1
2152,0,0
2153,0,0
2154,0,1
2155,0,0
2156,0,0
2157,0,0
2158,0,1
2159,0,0
2162,0,0
2163,0,0
2164,0,0
2165,0,1
2166,1,0
2167,0,0
2168,0,0
2169,0,1
2170,0,1
2171,0,0
2172,0,0
2173,0,0
11054,0,0
11055,1,0
6239,0,0
6240,0,1
6241,0,0
6242,0,1
6243,0,0
6244,0,0
6245,0,0
6246,0,0
6247,0,0
6248,0,0
6249,0,1
6250,0,0
6251,0,1
7002,1,1
7003,0,1
7004,1,1
7005,1,0
7006,0,0
7007,0,0
7009,0,1
7010,1,0
7011,0,0
7012,1,1
7013,0,1
7014,0,1
7015,0,0
7016,0,0
7017,1,0
7018,0,0
7019,0,1
7021,0,1
7022,0,0
7023,0,0
7024,0,0
7025,0,0
7026,0,0
7027,0,0
7028,0,0
7029,0,0
7030,0,1
7031,0,1
7032,0,0
7033,0,1
7034,0,0
7036,0,0
7037,0,1
7038,0,0
7039,0,0
7040,0,0
7041,0,1
7042,0,0
7043,0,0
7044,0,0
7045,0,1
7046,0,1
7047,0,0
7048,0,0
7050,0,0
7051,0,0
7052,0,0
7053,0,0
7054,0,0
7055,0,0
7056,0,0
7057,0,1
7058,1,0
7059,0,1
7060,0,1
7061,0,0
7062,0,0
7063,0,0
7065,1,1
7066,0,0
7067,1,0
7068,1,0
7069,0,0
7070,0,0
7071,1,0
7072,0,1
7073,1,0
7074,0,0
7075,0,0
7076,0,0
7077,1,0
7078,0,0
7079,0,0
7080,1,0
7081,0,0
7082,1,1
7083,0,1
7084,0,0
7085,0,0
7086,1,1
7087,0,0
7088,0,0
7089,0,0
7090,0,0
7091,0,0
7092,1,0
7093,0,1
7094,0,0
7095,0,1
7096,0,0
7097,0,0
7098,0,0
7099,0,0
7100,0,0
7101,1,1
7102,0,0
7103,0,0
7104,0,0
7105,0,0
7106,0,0
7107,1,0
7108,0,1
7109,0,1
7110,1,0
7111,0,0
7112,0,0
7113,0,0
7114,1,0
7115,0,0
7116,0,0
7117,0,0
7118,0,0
7120,0,0
7121,0,0
7122,0,0
7123,0,0
7124,0,0
7125,0,0
7126,0,0
7127,0,1
7128,0,1
7130,0,0
7131,0,0
7132,0,0
7133,0,0
7134,0,0
7135,0,1
7136,1,1
7137,0,0
7138,1,1
7139,0,0
7140,0,0
7141,1,0
7142,0,0
7143,0,0
7144,1,0
7145,0,0
7147,0,0
7148,0,1
7149,0,0
7150,0,0
7151,0,0
7152,0,0
7153,1,0
7154,0,0
7155,0,0
7156,0,0
7157,0,1
7158,0,1
7159,0,0
7160,0,0
7161,0,0
7162,0,0
7163,0,0
7164,0,0
7165,1,0
7166,0,0
7167,0,1
7168,0,0
7169,0,1
7170,0,0
7171,0,0
7172,0,0
7173,1,0
7174,0,0
7175,0,0
7176,0,0
7177,0,1
7178,1,0
7179,0,1
7180,0,1
7181,0,0
7182,1,0
7183,0,1
7184,1,0
7185,0,0
7186,1,0
7187,1,0
7188,1,0
7189,0,0
7190,0,0
7191,0,0
7192,1,0
7193,1,0
7194,0,0
7195,0,1
7196,0,0
7197,0,1
7198,0,0
7199,1,0
7200,0,1
7201,0,1
7202,0,1
7203,0,0
7204,0,1
7205,0,1
7207,0,0
7208,1,0
7209,0,0
7210,0,0
7211,0,0
7212,0,0
7213,0,0
7214,0,0
7215,0,1
7216,0,0
7217,0,0
7219,0,1
7220,0,0
7221,0,0
7222,0,0
7223,0,1
7224,0,1
7225,0,0
7226,0,0
7227,1,0
7228,0,0
7229,0,0
7230,0,0
7231,0,0
7232,0,1
7233,0,1
7234,0,0
7236,0,0
7237,0,1
7238,0,1
7239,0,0
7240,0,0
7241,0,0
7242,0,1
7243,0,1
7244,0,1
7245,0,0
7246,1,0
7247,0,0
7248,0,1
7249,0,0
7250,1,0
7251,1,1
7252,1,0
7253,0,0
7254,0,0
7255,0,0
7256,0,0
8001,0,0
8002,0,1
8003,0,0
8004,0,1
8005,0,0
8006,0,0
8007,0,1
8008,0,1
8009,0,0
8010,0,0
8011,0,0
8012,1,0
8013,0,0
8014,1,0
8015,0,0
8016,0,0
8017,1,0
8018,1,1
8019,0,0
8020,0,0
8021,0,0
8022,0,0
8023,0,0
8024,0,1
8025,1,0
8026,1,0
8027,0,0
8028,1,0
8029,0,0
8030,0,0
8031,0,1
8032,0,0
8033,0,1
8034,0,0
8035,0,0
8036,0,1
8037,0,0
8038,1,1
8039,0,0
8040,0,0
8041,0,0
8042,0,0
8043,0,0
8044,0,0
8045,0,1
8046,0,1
8047,0,1
8048,1,1
8049,0,0
8050,0,0
8051,0,0
8052,0,0
8053,0,0
8054,0,0
8055,0,0
8056,0,1
8057,0,0
8058,0,0
8059,0,0
8061,0,0
8062,0,0
8063,1,0
8064,0,1
8065,0,0
8066,0,0
8067,0,0
8068,0,0
8069,0,1
8070,1,0
8071,0,0
8072,0,0
8073,0,0
8075,0,0
8076,0,0
8077,1,0
8078,0,0
8079,0,0
8081,0,0
8082,0,0
8083,0,1
8084,0,1
8085,0,1
8086,0,0
8087,0,0
8088,0,0
8089,0,0
8090,0,0
8091,0,1
8092,1,0
8093,0,0
8094,1,0
8095,0,1
8096,0,0
8097,0,0
8098,0,1
8099,0,0
8100,0,1
8101,0,0
8102,0,0
8104,0,0
8105,0,1
8106,0,0
8107,1,0
8109,0,1
8110,0,0
8111,0,0
8112,0,0
8113,0,0
8114,0,0
8115,0,0
8116,0,1
8117,1,0
8118,1,0
8120,0,0
8121,0,1
8122,0,1
8123,0,0
8124,0,0
8125,0,0
8126,0,0
8127,0,1
8128,0,0
8129,0,0
8130,0,0
8132,0,1
8134,0,1
8135,0,1
8136,0,0
8137,0,0
8138,0,0
8139,0,1
8140,0,0
8141,1,0
8142,0,0
8143,0,0
8144,0,0
8145,0,1
8146,0,0
8147,0,0
8148,1,0
8149,0,0
8150,0,0
8151,0,0
8152,0,0
8153,0,0
8154,0,0
8155,0,0
8156,0,0
8157,1,1
8158,0,0
8159,0,0
8160,0,1
8161,1,1
8162,0,0
8163,0,0
8164,0,0
8165,0,1
8166,0,0
8167,0,1
8168,0,0
8169,0,0
8170,0,0
8171,0,0
8172,0,0
8173,0,0
8174,1,0
8175,0,0
8176,0,0
8177,0,0
8178,1,0
8179,0,0
8180,0,0
8181,0,0
8182,0,0
8183,1,0
8184,0,0
8185,0,0
8186,0,0
8187,0,0
8188,1,0
8189,1,0
8190,0,0
8191,0,0
8192,0,0
8193,0,0
8194,0,0
8195,0,0
8196,1,0
8197,0,1
8198,0,0
8199,0,0
8200,0,1
8201,0,0
8202,0,0
8203,0,1
8204,0,0
8205,0,0
8206,0,1
8207,0,0
8208,1,0
8209,0,1
8210,0,0
8211,0,1
8212,0,0
8213,0,0
8214,0,0
8215,0,0
8216,0,0
8217,1,0
8218,0,0
8219,0,0
8220,1,0
8221,0,1
8222,0,1
8223,0,0
8224,0,1
8225,0,0
8226,0,1
8227,1,1
8228,0,0
8229,0,0
8230,0,0
8231,0,0
8232,1,0
8233,1,0
8234,0,0
8235,0,0
8236,0,0
8237,0,0
8238,0,0
8239,0,0
8240,0,0
8241,0,0
8242,0,0
8243,0,0
8244,1,0
8245,0,1
8246,0,0
8247,0,1
8248,0,0
8249,0,0
8250,1,0
8251,1,0
8252,0,0
8253,1,0
9002,0,0
9003,0,0
9004,1,0
9005,0,1
9006,0,1
9007,0,1
9008,0,0
9009,0,1
9010,1,0
9011,0,1
9012,0,0
9013,0,0
9014,0,1
9015,0,1
9016,0,0
9017,0,0
9018,0,0
9019,0,0
9020,0,0
4186,0,1
4187,0,0
4188,0,0
4189,0,1
4190,0,1
4191,0,0
4192,0,1
4193,0,1
4194,0,0
4195,0,1
4196,0,0
4197,0,0
4198,0,0
4199,0,0
4200,0,0
4201,0,0
4202,0,1
4203,0,0
4204,0,0
4205,0,0
4206,0,0
5001,0,0
5002,0,0
5003,0,0
5004,0,0
5005,0,0
5006,1,0
5007,0,1
5008,0,0
5009,0,0
5010,0,1
5011,0,0
5012,0,0
5013,1,1
5014,0,0
5015,0,0
5016,0,0
5017,0,0
5018,0,0
5019,0,0
5020,0,0
5021,0,1
5022,1,1
5023,0,1
5024,1,1
5025,1,0
5026,0,1
5027,1,1
5028,0,0
5029,0,0
5030,1,1
5031,0,0
5032,0,0
5033,0,1
5034,0,0
5035,0,0
5036,0,0
5037,0,0
5038,0,0
5039,0,0
5040,0,1
5041,0,0
5042,0,0
5043,0,0
5044,0,0
5045,0,0
5046,1,0
5047,1,0
5048,0,0
5049,0,0
5050,0,0
5051,0,0
5052,0,0
5053,0,0
5054,1,0
5055,0,0
5056,0,0
5057,0,0
5058,0,0
5059,0,1
5060,0,0
5061,0,1
5062,0,0
5063,0,0
5064,0,0
5065,0,0
5066,1,0
5067,1,0
5068,0,0
5069,0,0
5070,0,0
5071,1,0
5072,0,0
5073,0,1
5074,0,1
5075,0,0
5076,0,0
5077,0,0
5078,0,0
5079,0,1
5080,0,0
5081,0,0
5082,1,0
5083,0,0
5084,0,0
5085,0,0
5086,0,0
5087,1,0
5088,0,1
5089,0,1
5090,0,0
5091,0,0
5092,1,0
5093,0,1
5094,0,0
5095,0,0
5096,0,0
5097,0,1
5098,0,1
5099,0,0
5100,0,1
5101,0,1
5102,0,0
5103,0,0
5104,0,1
5105,0,0
5106,0,1
5107,1,0
5108,0,0
5109,0,1
5110,1,1
5111,0,0
5112,1,1
5113,0,0
5114,1,0
5115,0,0
5116,1,0
5117,0,1
5118,0,0
5119,1,0
5120,0,0
5121,0,1
5122,0,0
5123,0,1
5124,0,0
5125,0,1
5126,0,0
5127,1,0
5128,0,0
5129,0,0
5130,0,0
5131,0,1
5132,0,1
5133,1,1
5134,0,0
5135,0,0
5136,0,0
5137,0,1
5138,0,0
5139,0,0
5140,0,0
5141,0,0
5142,0,1
5143,1,1
5144,1,0
5145,0,1
5147,0,0
5148,0,1
5150,0,1
5151,0,0
5152,0,0
5153,0,0
5154,0,1
5155,0,0
5156,0,0
5157,1,1
5158,0,0
5159,0,0
5160,0,1
5161,1,0
5162,0,1
5163,0,1
5164,0,1
5165,0,0
5166,0,0
5167,0,1
5168,0,0
5169,0,1
5170,0,0
5171,0,1
5172,1,0
5173,0,1
5174,0,0
5175,0,0
5176,0,0
5177,0,1
5178,0,0
5179,0,0
5180,0,0
5181,0,1
5182,0,1
5183,0,0
5184,0,0
5185,0,0
5186,0,0
5187,0,0
5188,1,0
5189,1,0
5190,0,0
5191,0,0
5192,1,0
5193,0,0
5194,0,0
5195,0,0
5196,0,0
5197,0,0
5198,0,1
5199,0,1
5200,0,1
5201,0,0
5202,0,0
5203,1,0
5204,0,0
5205,0,0
5206,0,0
5207,0,0
5208,0,0
5209,0,1
5210,0,1
5211,0,0
5212,0,1
5213,0,0
5214,1,0
5215,0,0
5216,0,0
5217,1,0
5218,0,0
5219,0,0
5220,0,1
5221,0,0
5222,0,0
5223,0,0
5224,0,0
5225,0,0
5226,0,1
5227,0,0
5228,0,1
5229,0,0
5230,0,0
5231,0,0
5232,0,0
5233,0,1
5234,0,1
5235,0,0
5236,0,1
5237,0,0
5238,0,1
5239,0,0
5240,0,1
5241,1,0
5242,1,0
5243,0,0
5244,0,0
5245,1,0
5246,0,1
5247,0,0
5248,1,0
5249,0,1
5251,0,1
5252,0,0
5253,0,0
5254,0,1
5255,0,0
5256,0,1
5257,0,0
5258,0,0
5259,0,0
5260,0,0
5261,0,0
5262,0,0
5263,0,1
5264,0,0
5265,0,0
5266,0,0
5267,0,0
5268,0,1
5269,0,0
5270,1,0
5271,0,0
5272,0,0
5273,0,0
5274,1,0
5275,1,0
5276,1,0
5277,0,0
5278,0,0
5279,0,0
5280,0,0
5281,0,1
5282,0,0
5283,0,0
5284,0,0
5285,0,0
5286,1,1
5287,0,0
5288,0,0
6001,0,0
6002,0,0
6003,1,0
6004,0,1
6005,0,0
6006,1,0
6007,0,0
6008,0,0
6009,0,0
6010,0,0
6012,0,0
6013,0,0
6014,0,0
6015,0,0
6016,0,0
6017,0,0
6018,0,1
6019,0,1
6020,0,0
6021,0,0
6022,0,0
6023,0,1
6024,0,1
6025,0,0
6026,0,0
6027,0,1
6028,0,1
6029,0,0
6030,0,1
6031,0,0
6032,1,1
6033,0,0
6034,0,1
6035,0,0
6036,1,0
6037,0,0
6038,0,0
6039,0,0
6040,0,0
6041,0,0
6042,0,1
6043,0,1
6044,0,1
6045,1,0
6046,0,0
6047,0,0
6048,0,1
6049,0,1
6050,0,0
6051,0,0
6052,0,1
6053,0,0
6054,1,0
6056,1,0
6057,0,0
6058,0,0
6059,0,0
6060,1,0
6061,0,0
6062,0,0
6063,0,0
6064,0,1
6065,0,0
6066,0,0
6067,0,1
6068,0,0
6069,0,0
6070,0,1
6071,0,1
6072,0,0
6073,0,0
6074,0,0
6075,1,0
6076,0,0
6077,0,0
6078,0,0
6079,1,1
6080,0,0
6081,1,1
6082,1,1
6083,0,1
6084,0,0
6085,0,0
6086,0,0
6087,0,0
6088,0,0
6089,1,0
6090,1,0
6091,0,0
6092,0,0
6093,0,1
6094,0,0
6095,0,1
6096,0,0
6097,0,0
6098,0,0
6099,0,0
6100,0,0
6101,0,0
6102,0,0
6103,0,0
6104,0,1
6105,0,0
6106,1,0
6107,0,0
6108,1,0
6109,0,1
6110,0,0
6111,0,0
6112,0,0
6113,0,0
6114,1,0
6115,0,0
6116,0,0
6117,0,0
6118,0,1
6119,0,0
6120,0,0
6121,0,0
6123,0,1
6124,0,0
6125,0,0
6126,0,0
6127,0,1
6128,0,0
6129,0,0
6130,0,0
6131,0,0
6132,0,0
6133,0,0
6134,1,0
6135,0,0
6136,0,0
6137,0,0
6138,0,0
6139,1,0
6140,0,1
6141,0,1
6142,0,0
6143,1,0
6144,0,1
6145,0,0
6146,0,0
6147,0,1
6148,0,0
6149,0,0
6150,0,0
6151,0,0
6152,0,0
6153,1,0
6154,0,1
6155,0,0
6156,1,0
6157,0,0
6158,0,0
6159,0,1
6160,0,1
6161,0,0
6162,1,1
6163,0,0
6164,0,1
6165,0,1
6166,0,0
6167,0,0
6168,1,0
6169,0,0
6170,0,0
6171,0,0
6172,0,0
6173,0,0
11201,0,0
11202,0,0
11203,0,0
11204,1,0
11205,0,0
11206,0,1
11207,0,0
11208,0,1
11209,0,0
11210,0,0
11211,0,0
11212,0,0
11213,0,0
11214,0,0
11215,1,0
11216,0,1
11217,0,0
11218,0,1
11219,0,1
11220,0,1
11221,0,1
11222,0,1
11223,0,1
11224,0,0
11225,0,0
11226,0,0
11227,0,0
11228,0,1
11229,0,0
11230,0,0
11231,1,1
11232,0,1
11233,0,1
11234,1,0
11235,0,0
11236,0,0
11237,0,0
11238,0,0
11239,0,0
11240,0,0
11241,0,0
11242,1,0
11243,1,0
11244,0,0
11245,1,1
11246,1,0
11247,0,0
11248,1,1
11249,0,1
11250,0,1
11251,0,0
11252,0,0
11253,0,1
11254,0,0
11255,0,1
11256,0,0
11257,1,1
11258,0,0
11259,0,0
11260,0,0
11261,0,0
11262,0,0
11263,0,0
11264,1,0
11265,0,0
11266,0,0
11267,1,0
11268,0,0
11269,0,0
11270,0,0
11271,0,0
11272,0,0
11273,0,1
11274,0,0
11275,0,0
11276,0,0
11277,0,0
11278,0,1
11279,0,0
11280,0,1
11281,0,0
11282,0,0
11283,0,0
11284,0,0
11285,0,0
11286,0,0
11287,0,0
11288,0,0
11289,0,0
11290,0,1
11291,0,0
11292,1,0
11293,0,1
11294,0,1
12001,1,1
12002,0,0
12003,0,0
12004,1,0
12005,1,1
12006,0,0
12007,1,0
12008,1,1
12009,0,0
12010,0,0
12011,0,1
12012,0,0
12013,0,1
12014,0,1
12015,0,1
12016,0,0
12017,0,0
12018,0,1
12019,0,0
12020,0,1
12021,1,0
12022,0,1
12023,0,0
12024,0,1
12025,0,0
12026,0,0
12027,0,0
12028,0,1
12029,1,0
12030,0,0
12031,0,0
12032,1,1
12033,0,1
12034,0,0
12035,0,0
12036,0,0
12037,0,0
12038,0,0
12039,0,0
12040,0,0
12041,0,0
12042,1,0
12043,0,0
12044,1,0
12045,0,0
12046,0,0
12047,0,0
12048,0,0
12049,0,1
12050,1,1
12051,0,1
12053,0,0
12054,0,0
12055,0,0
12056,0,0
12057,0,0
12058,0,0
12059,0,0
12060,0,1
12062,0,0
12063,0,1
12064,0,0
12065,0,0
12066,0,0
12067,0,0
12068,0,0
12069,0,0
12070,1,0
12071,0,1
12072,0,0
12073,1,0
12074,0,0
12075,0,0
12076,1,0
12077,0,1
12078,0,0
12079,0,1
12080,0,0
12081,0,0
12082,0,0
12083,0,0
12084,1,1
12085,1,1
12086,0,0
12087,0,1
12088,0,0
12089,0,1
12090,0,0
12091,0,1
12092,1,0
12093,0,0
12094,0,0
12095,0,0
12096,0,0
12097,0,1
12098,0,0
12099,0,0
12100,0,1
12101,0,0
12102,0,1
12103,0,0
12104,1,0
12105,0,1
12106,0,0
12107,0,1
12108,0,0
12109,1,0
12110,0,0
12111,1,0
12112,0,0
12113,0,0
12114,0,1
12115,0,0
12116,0,0
12117,1,0
12118,0,0
12119,0,1
12120,0,0
12121,0,0
12122,0,0
12123,0,0
12125,1,0
12126,0,0
12127,0,0
12128,0,0
12129,1,0
12130,0,0
12131,0,0
12132,0,1
12133,1,0
12134,0,0
12135,0,0
12136,0,0
12137,0,1
12138,0,0
12139,0,0
12140,0,0
12141,0,0
12142,0,0
12143,0,1
12144,0,0
12145,0,0
12146,0,0
12147,0,0
12149,0,0
12148,0,0
12150,1,1
12151,0,0
12152,0,0
12153,1,0
12154,0,0
12155,0,0
12156,0,0
12157,0,1
12158,0,1
12159,0,0
12160,0,0
12161,1,0
12162,1,1
12163,0,1
12164,0,0
12165,0,0
12166,0,1
12167,0,1
12168,1,0
12169,0,1
12170,1,0
12171,0,1
12172,0,0
12173,0,1
12174,0,0
12175,0,0
12176,1,0
12177,0,0
12178,0,0
12179,0,0
12180,0,0
12181,0,1
12182,0,1
12183,0,1
12184,0,0
12185,0,0
12186,0,0
12187,0,1
12188,1,1
12189,0,0
12190,0,0
12191,0,1
12192,1,0
12193,0,0
12194,1,1
12195,0,0
12196,0,0
12197,0,0
12198,1,0
12199,0,0
12200,0,0
12201,0,0
12202,0,0
12203,0,1
12204,0,0
12205,0,0
12206,0,1
12207,0,0
12208,0,0
12209,0,1
12210,0,1
12211,0,0
12212,0,0
12213,0,0
12214,0,0
12215,0,0
12216,1,0
12217,1,0
12218,1,1
12219,0,0
12220,0,1
12221,1,1
12222,0,1
12223,0,0
12224,0,0
12225,0,0
12226,0,0
12227,1,0
12228,0,0
12229,1,0
12230,0,0
12231,0,0
12232,1,0
12233,1,0
12234,0,0
12235,0,0
12236,0,0
12237,1,1
12238,0,1
12239,0,0
12240,0,0
12241,0,0
12242,1,0
12243,0,0
12244,0,0
12245,0,1
12246,0,1
12247,0,0
12248,0,1
12249,0,0
12250,1,0
12251,0,0
12252,0,0
12253,0,0
12254,0,0
12255,0,0
12256,0,0
12257,0,0
12258,0,1
12259,0,0
12260,0,0
12261,0,0
12262,0,0
12263,0,0
12264,0,0
12265,1,0
12266,0,0
12267,0,1
12268,0,1
12269,0,0
12270,0,0
1001,0,1
1064,0,0
1093,0,0
1113,0,1
1117,0,0
1137,0,0
1139,0,0
1188,0,0
1214,1,1
2060,0,0
2098,0,1
2100,0,0
2161,0,1
3147,0,0
3185,0,0
3195,0,0
3202,0,0
3213,0,1
3268,0,0
3269,0,0
4013,0,0
4028,0,0
4054,0,0
4071,0,1
4112,0,0
4113,0,1
4119,0,0
4120,1,0
4158,0,1
5146,0,0
5149,1,1
5250,0,0
6011,0,1
6055,0,1
6122,0,0
6201,0,0
6209,0,0
7001,0,0
7008,0,0
7020,0,1
7035,0,0
7049,0,1
7064,1,0
7119,0,0
7129,0,0
7146,0,0
7206,0,1
7218,0,0
7235,1,0
8060,0,1
8074,1,0
8080,0,0
8103,0,0
8108,0,0
8119,0,0
8131,0,0
8133,0,1
9091,0,0
9099,0,0
9134,0,0
9135,0,1
9152,0,0
9156,0,0
9158,0,0
9160,0,0
9221,0,0
9234,0,0
10106,1,0
10151,0,0
10165,0,1
10222,0,1
10238,0,0
10253,0,0
11013,1,0
11130,0,0
12052,0,0
12061,0,1
12124,0,0
9021,0,0
9022,0,0
9023,0,0
9024,0,0
9025,0,0
9026,0,1
9027,0,0
9028,0,0
9029,1,0
9030,0,1
9031,1,1
9032,0,0
9033,0,0
9034,0,1
9035,0,1
9036,0,0
9037,0,0
9038,0,0
9039,0,1
9040,1,0
9041,0,0
9042,0,1
9043,0,0
9044,0,0
9045,1,0
9046,0,1
9047,0,0
9048,0,0
9049,0,0
9050,0,0
9051,0,0
9052,0,0
9053,1,0
9054,0,0
9055,0,0
9056,0,0
9057,0,0
9058,0,0
9059,0,0
9060,0,1
9061,0,0
9062,1,0
9063,0,0
9064,0,0
9065,1,0
9066,0,0
9067,0,0
9068,0,0
9069,0,0
9070,0,0
9071,0,1
9072,1,0
9073,0,1
9074,0,0
9075,0,0
9076,0,0
9077,0,0
9078,0,0
9079,1,0
9080,0,0
9081,0,1
9082,0,1
9083,0,0
9084,0,0
9085,0,1
9086,0,0
9087,0,0
9088,0,1
9089,0,1
9090,1,0
9092,0,0
9093,0,0
9094,0,0
9095,0,1
9096,0,0
9097,1,0
9098,1,1
9100,1,0
9101,1,0
9102,0,0
9103,1,0
9104,0,0
9105,0,0
9106,0,0
9107,0,0
9108,1,0
9109,0,0
9110,0,0
9111,1,0
9112,0,0
9113,0,0
9114,0,1
9115,0,0
9116,0,0
9117,0,0
9118,0,0
9119,0,0
9120,1,0
9121,0,0
9122,0,0
9123,0,0
9124,0,0
9125,0,1
9126,1,1
9127,0,1
9128,0,0
9129,0,0
9130,0,0
9131,0,1
9132,1,0
9133,1,1
9136,0,0
9137,0,0
9138,0,0
9139,0,0
9140,0,1
9141,0,0
9142,0,0
9143,0,0
9144,0,0
9145,0,0
9146,0,0
9147,0,0
9148,1,0
9149,0,0
9150,0,1
9151,1,0
9153,0,0
9154,0,0
9155,0,1
9157,0,0
9159,1,0
9161,0,0
9162,0,1
9163,1,0
9164,1,0
9165,0,0
9166,0,0
9167,1,0
9168,0,1
9169,0,0
9170,0,0
9171,0,0
9172,0,0
9173,1,0
9174,0,0
9175,0,0
9176,0,1
9177,0,0
9178,0,0
9179,0,1
9180,0,0
9181,0,0
9182,0,0
9183,0,0
9184,1,0
9185,0,0
9186,1,1
9187,0,0
9188,0,0
9189,0,1
9190,1,0
9191,0,0
9192,0,1
9193,0,0
9194,0,0
9195,0,0
9196,0,0
9197,1,0
9198,0,0
9199,0,0
9200,0,1
9201,0,0
9202,0,1
9203,0,0
9204,0,0
9205,1,0
9206,0,0
9207,0,0
9208,0,0
9209,0,1
9210,1,0
9211,0,0
9212,0,0
9213,1,0
9214,0,0
9215,0,1
9216,1,0
9217,0,0
9218,0,1
9219,0,0
9220,0,0
9222,0,0
9223,0,0
9224,1,0
9225,0,0
9226,0,0
9227,0,1
9228,0,1
9229,0,0
9230,1,0
9231,0,0
9232,0,1
9233,0,0
9235,0,0
9236,0,0
9237,0,0
9238,0,0
9239,1,0
9240,0,0
9241,0,0
9242,0,1
9243,0,0
9244,1,0
9245,0,0
9246,0,0
9247,0,0
9248,1,0
9249,0,1
9250,0,0
9251,0,1
9252,0,0
10001,0,0
10002,0,0
10003,0,1
10004,0,0
10005,0,0
10006,1,0
10007,0,0
10008,0,0
10009,0,0
10010,1,0
10011,0,1
10012,0,1
10013,0,0
10014,0,0
10015,0,1
10016,0,0
10017,0,1
10018,0,0
10019,1,0
10020,0,0
10021,0,1
10022,0,0
10023,0,0
10024,0,0
10025,0,1
10026,0,0
10027,0,0
10028,0,0
10029,1,0
10030,0,1
10031,0,0
10032,0,1
10033,0,0
10034,0,0
10035,0,0
10036,0,1
10037,0,1
10038,0,1
10039,0,0
10040,0,0
10041,0,1
10042,0,1
10043,0,0
10044,0,0
10045,0,0
10046,0,0
10047,0,1
10048,0,0
10049,0,0
10050,0,1
10051,0,0
10052,0,0
10053,0,0
10054,0,1
10055,0,0
10056,0,0
10057,0,1
10058,0,0
10059,0,0
10060,0,0
10061,1,1
10062,0,1
10063,1,0
10064,1,1
10065,0,0
10066,0,0
10067,0,0
10068,0,0
10069,0,0
10070,0,0
10071,0,0
10072,1,1
10073,0,1
10074,0,0
10075,0,0
10076,1,1
10077,1,0
10078,0,0
10079,0,0
10080,0,0
10081,0,0
10082,0,0
10083,1,1
10084,0,1
10085,0,1
10086,0,0
10087,0,0
10088,0,0
10089,0,1
10090,1,1
10091,0,0
10092,1,0
10093,0,0
10094,0,0
10095,0,0
10096,1,0
10097,0,0
10098,1,0
10099,0,1
10100,0,0
10101,1,1
10102,0,0
10103,0,0
10104,0,0
10105,0,0
10107,0,0
10108,0,0
10109,1,0
10110,0,0
10111,0,0
10112,0,0
10113,0,0
10114,0,0
10115,0,1
10116,0,1
10117,0,0
10118,0,0
10119,1,0
10120,1,0
10121,0,1
10122,0,0
10123,0,0
10124,0,1
10125,0,0
10126,0,0
10127,0,0
10128,0,0
10129,0,0
10130,0,0
10131,1,0
10132,0,0
10133,0,0
10134,0,1
10135,0,0
10136,0,0
10137,0,0
10138,1,0
10139,0,0
10140,1,0
10141,0,0
10142,0,0
10143,0,0
10144,0,0
10145,0,1
10146,0,0
10147,0,1
10149,0,0
10148,0,0
10150,0,0
10152,0,1
10153,0,0
10154,0,0
10155,0,0
10156,0,0
10157,1,1
10158,1,0
10159,0,0
10160,0,1
10161,0,0
10162,0,0
10163,0,0
10164,0,0
10166,1,0
10167,0,0
10168,0,0
10169,1,1
10170,0,0
10171,0,0
10172,0,0
10173,1,0
10174,0,0
10175,0,0
10176,0,0
10177,0,0
10178,1,0
10179,0,0
10180,0,0
10181,0,0
10182,0,0
10183,0,0
10184,0,0
10185,0,0
10186,0,0
10187,0,0
10188,0,1
10189,0,0
10190,0,0
10191,0,0
10192,0,0
10193,0,0
10194,0,0
10195,0,0
10196,0,0
10197,0,1
10198,0,1
10199,0,1
10200,0,0
10201,1,0
10202,1,0
10203,0,0
10204,0,0
10205,0,0
10206,0,1
10207,0,0
10208,0,0
10209,0,1
10210,0,1
10211,0,0
10212,0,0
10213,1,1
10214,0,0
10215,0,0
10216,1,0
10217,0,1
10218,0,1
10219,0,1
10220,0,1
10221,0,1
10223,1,0
10224,1,1
10225,0,0
10226,0,0
10227,1,0
10228,0,0
10229,0,0
10230,0,0
10231,0,1
10232,0,0
10233,1,1
10234,0,0
10235,0,0
10236,0,0
10237,0,0
10239,0,0
10240,0,0
10241,0,0
10242,1,0
10243,0,0
10244,0,0
10245,0,0
10246,0,0
10247,0,0
10248,0,0
10249,0,0
10250,0,1
10251,0,0
10252,0,1
10254,1,0
10255,0,0
10256,0,0
10257,0,0
10258,0,1
10259,0,0
10260,0,0
10261,0,0
10262,0,1
10263,0,0
10264,0,1
10265,0,1
10266,0,0
10267,0,0
10268,1,0
10269,0,0
10270,0,0
10271,0,1
10272,0,0
10273,0,0
10274,0,0
10275,0,0
10276,0,0
10277,0,1
10278,0,0
10279,0,0
10280,0,1
10281,1,0
10282,0,0
10283,0,0
10284,0,0
10285,0,0
10286,0,0
10287,0,0
10288,1,0
10289,0,0
10290,0,1
10291,0,0
10292,0,1
10293,0,0
11001,0,0
11002,0,0
11003,0,0
11004,1,0
11005,1,0
11006,0,0
11007,0,0
11008,0,0
11009,0,0
11010,0,0
11011,0,1
11012,0,0
11014,1,0
11015,0,0
11016,0,0
11017,0,0
11018,0,0
11019,1,0
11020,0,0
11021,0,0
11022,0,0
11023,0,0
11024,0,0
11025,0,1
11026,0,0
11027,0,0
11028,1,0
11029,0,0
11030,0,0
11031,0,0
11032,0,1
11033,1,1
11034,0,1
11035,0,0
11036,0,0
11037,0,0
11038,0,0
11039,0,0
11040,0,0
11041,0,1
11042,0,1
11043,0,1
11044,0,0
11045,0,0
11046,0,0
11047,0,0
11048,1,1
11049,0,0
11050,0,0
11051,1,0
11052,0,0
11053,0,0
11056,1,1
11057,0,0
11058,0,0
11059,0,0
11060,0,1
11061,0,1
11062,0,0
11063,0,0
11064,0,1
11065,0,0
11066,0,1
11067,0,0
11068,0,1
11069,1,1
11070,0,0
11071,0,0
11072,0,0
11073,1,1
11074,0,1
11075,0,1
11076,0,0
11077,0,0
11078,0,0
11079,1,0
11080,0,0
11081,1,0
11082,0,0
11083,0,0
11084,1,1
11085,0,0
11086,0,0
11087,1,0
11088,0,1
11089,0,1
11090,0,1
11091,0,0
11092,0,1
11093,0,0
11094,0,1
11095,0,1
11096,0,0
11097,0,0
11098,1,1
11099,0,1
11100,1,0
11101,1,1
11102,0,1
11103,0,0
11104,1,1
11105,0,0
11106,0,0
11107,0,0
11108,0,0
11109,0,0
11110,0,0
11111,0,0
11112,1,0
11113,1,1
11114,0,1
11115,0,0
11116,0,0
11117,0,1
11118,0,0
11119,0,0
11120,0,1
11121,0,0
11122,0,1
11123,0,1
11124,1,1
11125,0,0
11126,0,0
11127,0,0
11128,1,1
11129,0,0
11131,0,0
11132,1,0
11133,0,0
11134,1,1
11135,0,0
11136,0,1
11137,0,0
11138,1,0
11139,1,0
11140,0,1
11141,0,0
11142,0,0
11143,1,0
11144,0,0
11145,0,1
11146,0,0
11147,0,0
11148,0,0
11149,0,0
11150,0,0
11151,0,1
11152,0,0
11153,0,0
11154,1,0
11155,0,0
11156,0,0
11157,0,0
11158,0,0
11159,0,0
11160,0,0
11161,0,0
11162,0,1
11163,0,0
11164,0,1
11165,0,0
11166,0,1
11167,0,0
11168,0,0
11169,1,0
11170,0,0
11171,0,1
11172,0,0
11173,0,1
11174,0,0
11175,1,0
11176,0,0
11177,0,0
11178,0,0
11179,0,0
11180,0,0
11181,0,1
11182,0,0
11183,0,1
11184,0,0
11185,0,0
11186,0,0
11187,0,0
11188,1,1
11189,0,1
11190,0,0
11191,0,0
11192,0,1
11193,0,0
11194,0,0
11195,0,0
11196,0,1
11197,0,0
11198,0,0
11199,0,0
11200,0,1
106271,0,0
106272,0,1
106273,0,0
106274,0,1
106275,0,0
106276,0,0
106277,0,0
106278,0,0
106279,0,0
106280,0,0
106281,0,0
106282,0,0
106283,0,0
106284,0,0
106285,0,1
106286,0,1
106287,1,0
107001,0,0
107004,0,0
107005,0,1
107006,0,0
107009,0,0
107010,1,0
107011,0,0
107012,0,0
107013,0,0
107014,1,0
107015,1,0
107017,0,0
107018,0,1
107019,0,0
107021,0,1
107022,0,1
107023,0,1
107024,0,1
107025,0,0
107026,0,1
107027,0,1
107029,0,0
107030,0,0
107031,0,0
107032,0,0
107033,0,0
107034,0,0
107036,0,1
107037,0,0
107038,0,0
107039,1,0
107040,0,1
107041,0,0
107042,0,0
107043,1,0
107044,1,1
107045,0,0
107046,0,0
107047,1,0
107048,0,0
107049,0,0
107050,0,1
107051,0,0
107052,1,1
107053,0,0
107054,1,0
107055,1,1
107056,0,1
107057,0,0
107058,0,0
107059,0,0
107060,0,0
107061,0,0
107062,0,0
107064,1,0
107065,0,1
107066,1,0
107067,1,0
107068,0,1
107069,0,0
107070,0,1
107071,0,0
107072,0,0
107073,0,1
107074,0,1
107075,0,0
107076,0,1
107077,0,0
107078,0,0
107080,0,0
107081,0,0
107082,0,0
107084,0,1
107085,0,1
107086,0,0
107087,0,1
107088,0,0
107089,0,1
107090,1,0
107091,0,0
107092,0,0
107093,0,0
107094,0,0
107095,1,0
107096,1,1
107097,0,0
107098,0,0
107099,0,0
107100,0,1
107101,0,0
107102,0,0
107103,0,0
107105,1,0
107106,0,0
107107,1,0
107108,0,0
107109,0,0
107110,0,1
107111,0,0
107112,0,0
107113,0,0
107114,0,1
107115,0,1
107116,0,0
107117,1,0
107118,0,0
107119,1,0
107120,0,0
107121,0,1
107122,0,1
107123,1,0
107124,0,1
107125,0,0
107126,0,0
107127,0,0
107128,0,0
107129,0,1
107130,1,0
107131,0,0
107132,0,1
107133,0,0
107134,0,0
107135,0,0
107136,1,0
101022,1,0
101053,0,0
101071,0,1
101101,0,0
101113,0,1
101190,0,0
101202,0,0
101211,0,1
102016,0,0
102028,0,0
102041,0,1
102064,0,0
102081,1,0
102095,0,0
102100,0,0
102132,0,0
102152,0,0
102166,1,0
103007,0,1
103036,0,0
103058,1,0
103069,0,0
103075,0,1
103080,0,0
103083,0,0
103152,0,0
103163,0,0
104039,0,0
104058,0,1
104104,0,0
104215,1,0
105184,0,0
105244,0,0
105255,0,0
105262,0,0
105268,0,1
106238,0,0
107016,0,1
104169,0,0
102008,0,1
102009,0,0
102010,0,0
102011,0,0
102012,0,0
102013,0,0
102014,1,0
102015,0,0
102017,0,0
102018,0,0
102021,0,0
102022,0,1
102023,0,0
102024,1,0
102025,0,1
102026,0,0
102027,1,1
102029,0,0
102030,0,0
102031,0,0
102032,0,0
102033,0,0
102034,0,1
102035,1,0
102036,1,0
102037,0,0
102038,0,0
102039,0,0
102040,0,0
102042,0,0
102044,0,0
102045,0,0
102046,0,0
102047,0,0
102048,0,0
102049,0,1
102050,0,1
102053,0,0
102054,0,0
102055,1,0
102056,0,0
102057,0,0
102059,1,0
102060,0,1
102062,0,0
102063,0,0
102065,0,0
102066,0,0
102067,0,0
102068,0,0
102069,0,0
102070,0,1
102072,0,0
102073,0,0
102074,0,0
102075,0,1
102076,0,1
102077,0,0
102078,0,1
102079,1,1
102080,0,0
102082,1,0
102083,0,0
102084,0,1
102085,0,0
102086,0,1
102087,0,0
102088,0,0
102089,0,0
102090,1,0
102091,0,1
102092,1,1
102094,1,0
102096,0,0
102097,0,1
102098,0,0
102099,0,0
102101,0,0
102102,0,1
102103,0,0
102104,0,1
102105,0,0
102106,0,0
102107,0,1
102108,0,0
102109,0,1
102110,0,0
102111,0,1
102112,0,1
102113,0,1
102114,0,0
102115,0,0
102116,1,0
102117,1,0
102118,0,0
102119,0,0
102120,1,0
102121,0,1
102122,0,0
102123,0,0
102124,0,0
102125,0,1
102126,0,0
102127,0,1
102128,0,0
102129,0,0
102130,0,0
102131,0,0
102133,0,0
102134,1,0
102135,0,1
102136,0,0
102137,0,0
102138,0,1
102139,0,0
102140,0,1
102141,1,0
102142,0,0
102143,0,0
102144,1,0
102145,0,0
102146,0,0
102147,1,1
102148,0,0
102149,0,0
102150,0,1
102151,0,0
102153,1,0
102154,0,0
102155,0,0
102156,1,0
102157,1,0
102158,0,0
102159,0,0
102160,0,0
102161,0,1
102162,0,0
102163,0,0
102164,0,0
102165,1,0
102167,1,0
102168,0,1
102169,0,0
102170,0,0
102171,0,0
102172,0,0
102173,0,1
102174,0,0
102175,0,1
102176,0,0
102177,0,0
102178,0,1
102179,0,0
102180,0,0
102181,0,0
102182,0,0
102183,0,0
102184,0,1
102185,0,0
102186,0,1
102187,0,0
102188,0,0
102189,0,0
102190,0,1
102191,1,0
102192,0,0
102193,0,0
102194,0,1
102195,0,1
102196,0,0
102197,0,0
102198,0,0
102199,0,1
102200,0,0
102201,1,1
102202,0,0
102203,0,0
102204,0,0
102205,0,0
102206,0,0
102207,0,0
102208,0,0
102209,1,0
102210,1,0
102211,0,0
102212,0,0
103001,1,0
103002,0,0
103003,0,0
103004,0,0
103005,0,0
103006,0,0
103008,0,0
103009,1,0
103010,0,0
103011,0,0
103012,1,0
103013,0,0
103014,1,0
103015,0,1
103016,0,0
103017,0,0
103018,0,0
103019,0,0
103020,0,0
103021,0,1
103022,0,0
103023,0,1
103024,0,0
103025,0,0
103026,0,0
103027,0,0
103028,0,0
103029,0,0
103030,0,0
103031,0,0
103032,0,0
103033,0,0
103034,0,0
103035,0,0
103037,0,1
103038,0,0
103039,0,1
103040,0,0
103041,0,0
103042,1,0
103043,0,1
103044,0,0
103045,0,0
103046,0,0
103047,0,0
103048,0,0
103049,0,0
103050,0,0
103051,0,0
103052,0,0
103053,0,1
103054,0,1
103055,0,0
103056,0,0
103057,0,0
103059,0,0
103060,0,1
103061,0,0
103062,0,1
103063,1,0
103064,1,0
103065,0,0
103066,0,0
103067,0,0
103068,0,0
103070,0,0
103071,0,0
103072,0,1
103073,0,1
103074,0,0
103076,0,1
103077,0,0
103078,0,0
103079,0,0
103081,0,0
103082,0,1
103084,0,0
103085,0,0
103086,0,1
103087,0,0
103088,0,0
103089,0,0
103090,0,1
103091,0,0
103092,0,1
103093,0,1
103094,0,0
103095,0,1
103096,0,0
103097,0,0
103098,0,0
103099,0,0
103100,0,0
103101,0,0
103102,0,0
103103,0,0
103104,0,0
103105,0,0
103106,0,0
103107,0,0
103108,0,0
103109,0,0
103110,0,0
103111,0,0
103112,0,0
103113,0,0
103114,0,0
103115,0,0
103116,0,0
103117,0,1
103118,1,0
103119,0,0
103120,0,1
103121,0,0
103122,0,1
103123,0,0
103124,0,0
103125,0,0
103126,0,1
103127,0,0
103128,0,0
103129,0,0
103130,0,0
103131,1,0
103132,0,0
103133,0,1
103134,0,0
103135,0,1
103136,0,0
103137,0,0
103138,0,0
103139,0,0
103140,1,1
103141,0,0
103142,0,0
103143,0,1
103144,0,1
103145,0,0
103146,0,0
103147,0,1
103148,1,0
103149,0,1
103150,0,0
103151,1,0
103153,0,1
103154,0,1
103155,0,1
103156,0,1
103157,0,0
103158,0,1
103159,0,1
103160,0,1
103161,0,0
103162,0,0
103164,0,0
103165,0,0
103166,1,0
103167,0,1
103168,0,1
103169,0,1
103170,0,0
103171,0,1
103172,0,1
103173,0,0
103174,0,0
103175,0,0
103176,0,0
103177,1,0
103178,1,0
103179,0,0
103180,0,0
103181,0,0
103182,0,0
103183,0,0
103184,0,1
103185,1,0
103186,0,0
103187,0,1
103188,0,1
103189,0,0
103190,0,0
103191,0,0
103192,0,0
103193,0,0
103194,0,0
103195,0,0
103196,0,0
103197,0,0
103198,0,0
103199,0,1
103200,0,0
103201,0,0
103202,0,0
103203,0,0
103204,0,1
103205,0,0
103206,0,0
103207,1,0
103208,0,1
103209,0,0
103210,0,0
103211,0,1
103212,0,0
103213,0,1
103214,0,0
103215,0,1
103216,0,1
103217,0,0
103218,0,0
103219,0,0
103220,0,0
103221,0,0
103222,0,0
103223,0,1
103224,0,1
103225,1,0
103226,0,0
103227,0,0
103228,0,0
103229,0,0
103230,0,0
103231,0,0
103232,1,0
103233,0,0
103234,0,0
103235,0,0
103236,0,1
103237,0,0
103238,0,0
103239,0,0
103240,0,0
103241,0,0
103242,0,0
103243,0,1
103244,0,0
103245,0,0
103246,0,0
103247,0,0
103248,1,0
103249,0,0
103250,1,0
103251,1,0
103252,0,0
103253,1,1
103254,0,0
103255,1,0
103256,0,0
103257,0,0
103258,0,0
103259,0,0
103260,0,0
103261,0,0
103262,0,1
103263,1,0
103264,0,0
103265,0,0
104002,0,0
104003,1,1
104004,0,1
104006,0,0
104008,0,1
104009,0,1
104011,0,1
104012,0,0
104013,1,0
104014,0,0
104017,0,0
104018,0,0
104019,1,1
104021,0,0
104024,0,0
104026,0,1
104027,0,0
104028,0,0
104031,0,0
104032,0,0
104033,0,0
104036,1,0
104037,0,0
104038,0,0
104041,0,0
104046,0,0
104047,0,0
104048,0,0
104049,1,0
104052,0,0
104053,0,0
104054,0,1
104055,0,0
104056,0,0
104057,0,0
104059,0,0
104065,0,1
104066,0,1
104067,0,0
104068,0,0
104069,0,0
104070,0,0
104072,0,0
104073,0,0
104074,0,0
104075,0,0
104076,0,1
104077,0,1
104079,1,1
104080,1,0
104081,1,0
104082,0,1
104085,0,0
104086,0,0
104087,0,0
104088,0,0
104089,0,0
104090,1,0
104091,0,1
104093,0,0
104095,0,0
104096,0,1
104097,1,0
104098,0,0
104099,0,0
104100,0,0
104101,0,0
104102,0,0
104105,0,0
104106,1,1
104109,0,0
104110,0,1
104111,0,0
104113,0,1
104116,0,1
104119,0,0
104121,0,0
104122,0,0
104123,0,0
104124,0,0
104126,0,0
104127,0,0
104128,0,0
104129,0,0
104130,0,0
104132,0,0
104133,0,1
104136,0,0
104137,0,0
104138,0,0
104139,0,0
104140,0,0
104143,1,0
104144,0,0
104146,0,0
104147,0,0
104149,0,0
104150,0,0
104151,0,1
104153,0,0
104155,0,0
104156,0,0
104158,0,1
104159,0,0
104160,0,0
104162,0,0
104163,0,1
104164,0,1
104165,0,0
104166,0,0
104167,0,1
104168,0,1
104170,0,0
104171,0,0
104172,0,1
104173,0,0
104174,0,0
104176,0,0
104179,0,0
104181,1,0
104182,0,1
104183,0,0
104184,0,0
104185,0,0
104186,0,0
104187,0,0
104189,0,0
104191,0,0
104192,0,0
104193,0,0
104195,0,0
104196,0,0
104197,0,0
104198,0,0
104200,0,1
101001,0,0
101002,0,0
101003,0,0
101004,0,0
101005,0,0
101006,1,1
101007,0,0
101008,0,1
101009,0,0
101011,0,1
101012,0,0
101013,1,1
101014,0,0
101015,0,0
101016,0,0
101017,0,0
101018,0,0
101019,0,1
101020,0,1
101021,0,0
101023,1,0
101024,1,0
101025,0,0
101026,1,1
101027,0,0
101028,0,0
101029,1,1
101030,0,0
101031,0,0
101032,0,0
101033,1,0
101034,0,0
101035,0,0
101036,0,1
101037,0,0
101038,0,0
101039,0,0
101040,0,0
101041,0,0
101042,0,0
101043,0,1
101044,0,0
101045,0,0
101046,0,0
101047,0,0
101048,0,0
101049,0,1
101050,0,0
101051,0,0
101052,0,0
101054,0,0
101055,0,1
101056,0,0
101057,0,0
101058,0,0
101059,0,0
101060,0,1
101061,0,1
101062,0,0
101063,0,0
101064,0,0
101065,1,1
101066,0,0
101067,0,0
101068,0,0
101069,0,0
101070,0,0
101073,0,1
101074,0,1
101076,0,1
101077,0,0
101078,1,1
101079,0,1
101080,0,0
101081,0,0
101082,0,0
101083,0,1
101084,0,0
101085,0,0
101086,0,0
101087,0,0
101088,0,0
101089,0,0
101090,1,0
101091,0,1
101092,0,0
101093,0,1
101094,0,0
101095,0,0
101096,0,1
101097,0,1
101098,0,0
101099,0,0
101100,0,0
101102,0,1
101103,0,0
101104,0,0
101105,0,1
101106,0,0
101107,0,0
101108,0,0
101109,0,0
101110,0,0
101111,1,0
101112,0,0
101114,0,0
101115,1,0
101116,0,0
101117,1,1
101118,0,0
101119,0,0
101120,1,0
101121,1,0
101122,0,0
101123,0,0
101124,0,0
101125,0,0
101126,1,1
101127,0,1
101128,0,0
101129,1,0
101130,0,0
101131,0,0
101132,0,0
101133,0,1
101134,0,1
101135,0,1
101136,0,0
101137,0,0
101138,0,0
101139,0,0
101140,1,0
101141,0,0
101142,0,0
101143,0,0
101144,0,0
101145,1,0
101146,0,0
101147,0,0
101148,0,0
101149,1,0
101150,1,0
101151,0,1
101152,0,1
101153,0,0
101154,0,1
101155,0,1
101158,0,0
101159,0,0
101160,0,0
101161,0,1
101162,1,1
101163,0,0
101164,0,0
101165,0,0
101166,0,0
101167,1,0
101168,0,0
101169,0,0
101170,1,0
101171,1,0
101172,1,0
101173,0,0
101174,0,0
101175,0,0
101176,1,0
101177,0,0
101178,0,1
101179,0,0
101180,0,0
101181,1,0
101183,1,0
101184,0,0
101185,0,0
101186,0,0
101187,0,0
101188,0,0
101189,0,0
101191,0,0
101192,0,1
101194,0,1
101195,0,1
101196,0,0
101197,0,0
101198,0,1
101199,0,1
101200,0,0
101201,0,1
101203,0,0
101205,0,0
101206,0,0
101207,0,0
101208,0,0
101209,0,1
101210,0,0
101212,0,0
101213,0,0
101214,0,0
101215,0,0
101216,0,0
101218,0,1
101219,0,1
101220,0,0
101221,0,0
101222,0,0
101223,0,0
101224,1,0
101225,0,0
101226,1,0
101227,0,1
101228,0,1
101229,0,1
101230,0,0
101231,0,0
101232,0,0
101233,0,1
101234,1,1
101235,0,0
101236,0,1
102001,0,0
102002,0,0
102003,0,0
102004,0,0
102005,0,0
102006,0,0
102007,0,0
104201,0,1
104204,0,0
104205,0,0
104206,0,1
104207,0,0
104208,0,0
104209,0,1
104210,1,0
104212,0,0
104213,1,1
104214,0,0
104216,0,1
104220,0,0
104221,0,0
104224,0,0
104225,0,0
104226,0,0
104227,0,1
104228,1,1
104229,0,0
104230,0,0
104232,0,0
104234,0,0
104237,0,1
104238,0,0
104239,0,0
104240,0,1
104241,0,0
104242,1,0
104243,1,0
104244,0,0
104246,0,1
104248,0,0
104249,0,0
104250,0,1
104252,0,1
104253,0,0
104254,0,0
104258,0,0
104259,0,0
104260,0,0
104261,0,0
104263,0,1
104267,0,0
105002,0,0
105004,0,0
105005,1,0
105006,0,0
105016,0,0
105019,0,1
105021,0,0
105022,0,1
105033,0,1
105035,0,0
105046,0,0
105047,0,0
105048,0,1
105053,0,0
105057,0,0
105059,0,1
105062,0,1
105068,0,0
105069,0,0
105070,0,0
105076,0,0
105077,1,0
105085,0,0
105087,0,0
105092,0,0
105093,0,0
105097,0,1
105098,0,0
105106,0,1
105107,0,0
105108,0,1
105110,0,0
105114,0,0
105116,0,0
105120,0,0
105123,1,0
105126,0,1
105127,0,1
105128,0,0
105129,0,0
105130,0,0
105132,0,0
105139,0,0
105140,0,0
105142,0,0
105144,0,0
105146,0,1
105151,0,0
105153,0,0
105157,0,0
105163,0,1
105164,0,0
105167,0,1
105169,0,0
105177,0,0
105185,0,0
105186,1,1
105187,0,0
105188,1,1
105190,0,0
105193,0,0
105196,0,0
105200,0,0
105205,0,1
105206,0,0
105207,0,0
105208,0,0
105211,0,0
105214,0,1
105226,0,0
105227,0,0
105229,0,0
105234,0,1
105235,0,0
105239,0,0
105242,0,1
105245,0,1
105249,0,0
105257,0,1
105260,0,0
105263,1,0
105270,0,0
105273,0,0
105275,1,1
105277,0,0
105278,0,0
105282,0,1
105283,0,1
105284,0,0
105286,0,0
105287,0,0
105289,0,0
105290,0,0
105295,0,0
105300,0,0
105304,1,0
105305,0,0
105310,0,0
105311,0,0
105314,0,0
105316,0,1
105317,0,0
105319,0,1
105321,0,1
106001,0,0
106002,0,0
106003,1,0
106004,0,0
106005,0,0
106006,0,0
106007,0,0
106008,0,1
106009,0,1
106010,0,0
106011,0,1
106012,0,0
106013,0,1
106014,0,1
106015,0,1
106016,0,0
106017,0,0
106018,0,0
106019,0,1
106020,0,1
106021,0,0
106022,1,1
106023,0,0
106024,1,0
106025,0,0
106026,1,0
106027,0,0
106028,0,1
106029,0,1
106030,0,0
106031,0,0
106032,0,0
106033,0,0
106034,0,1
106035,0,0
106036,0,1
106037,1,0
106038,1,0
106039,0,0
106040,0,0
106041,0,0
106042,0,1
106043,0,1
106044,0,0
106045,0,1
106046,0,0
106047,0,0
106048,1,1
106049,0,0
106050,0,0
106051,0,0
106052,0,0
106053,0,0
106054,1,0
106055,0,1
106056,0,1
106057,0,0
106058,0,0
106059,0,0
106060,0,0
106061,0,1
106062,0,0
106063,0,0
106064,0,1
106065,0,0
106066,0,0
106067,0,0
106068,0,1
106069,0,1
106070,1,0
106071,0,1
106072,0,1
106073,0,0
106074,0,0
106075,1,0
106076,0,0
106077,0,0
106078,0,0
106079,0,0
106080,1,0
106081,0,0
106082,0,0
106083,0,1
106084,1,1
106085,0,0
106086,0,0
106087,0,1
106088,0,0
106089,1,1
106090,0,0
106091,0,0
106092,1,0
106093,0,0
106094,0,0
106095,0,0
106096,0,0
106097,0,1
106098,0,0
106099,0,0
106100,0,0
106101,0,0
106102,0,1
106103,1,0
106104,0,0
106105,0,0
106106,0,0
106107,0,0
106108,1,1
106109,1,0
106110,0,0
106111,0,0
106112,0,0
106113,0,0
106114,1,0
106115,0,0
106116,1,0
106117,0,0
106118,1,1
106119,0,0
106120,0,0
106121,0,1
106122,0,1
106123,0,0
106124,0,1
106125,0,0
106126,0,1
106127,1,1
106128,0,1
106129,1,0
106130,0,1
106131,0,0
106132,0,1
106133,0,0
106134,0,0
106135,0,0
106136,0,0
106137,0,0
106138,0,0
106139,0,0
106140,0,0
106141,0,0
106142,0,1
106143,1,0
106144,0,0
106145,0,0
106146,0,0
106147,0,0
106148,0,1
106149,0,1
106150,1,1
106151,0,1
106152,0,1
106153,0,0
106154,0,0
106155,1,1
106156,0,0
106157,0,0
106158,1,0
106159,0,0
106160,0,0
106161,0,0
106162,0,0
106163,0,0
106164,0,0
106165,0,0
106166,0,1
106167,0,0
106168,1,1
106169,0,0
106170,1,0
106171,0,1
106172,0,0
106173,0,1
106174,0,1
106175,0,0
106176,1,0
106177,0,0
106178,0,0
106179,0,0
106180,0,0
106181,1,1
106182,0,1
106183,0,0
106184,0,0
106185,0,0
106186,0,1
106187,0,0
106188,1,0
106189,1,0
106190,0,0
106191,1,0
106192,0,0
106193,0,0
106194,0,1
106195,1,0
106196,1,1
106197,1,1
106198,0,0
106199,0,0
106200,1,0
106201,0,0
106202,0,0
106203,0,0
106204,0,0
106205,0,1
106206,0,0
106207,0,0
106208,0,1
106209,0,0
106210,0,1
106211,0,0
106212,0,0
106213,1,0
106214,0,0
106215,1,0
106216,0,0
106217,1,0
106218,0,0
106219,0,1
106220,0,1
106221,0,0
106222,0,1
106223,0,0
106224,0,1
106225,1,0
106226,0,0
106227,0,0
106228,0,1
106229,0,0
106230,1,1
106231,0,1
106232,0,0
106233,0,1
106234,0,0
106235,0,0
106236,1,0
106237,0,0
106239,0,0
106240,0,1
106241,0,0
106242,0,1
106243,0,0
106244,0,1
106245,0,0
106246,0,0
106247,0,0
106248,0,0
106249,0,0
106250,0,0
106251,0,1
106252,0,0
106253,0,1
106254,0,0
106255,0,1
106256,0,0
106257,1,0
106258,0,1
106259,0,1
106260,0,0
106261,1,1
106262,0,0
106263,0,0
106264,0,0
106265,0,0
106266,0,1
106267,0,1
106268,0,1
106269,0,0
106270,1,0
209258,0,0
209259,1,0
209260,0,0
209262,0,0
209261,0,0
209263,0,1
209264,0,0
210001,1,0
210002,1,0
210003,0,0
210004,1,0
210005,1,0
210006,0,0
210007,0,0
210008,0,0
210010,1,1
210009,0,0
210011,0,0
210012,0,1
210013,0,0
210014,0,1
210015,0,0
210016,0,0
210017,0,0
210018,0,0
210019,0,1
210020,0,0
210021,0,1
210022,0,0
210023,1,0
210024,0,0
210025,1,0
210026,0,0
210027,0,0
210028,0,0
210030,0,0
210031,1,1
210032,0,0
210033,0,0
210034,0,0
210035,0,0
210036,0,1
210037,1,1
210038,0,0
210039,0,0
210041,0,0
210040,1,1
210043,0,0
210044,0,1
210045,0,0
210046,0,0
210047,0,0
210048,0,1
210049,0,0
210050,0,0
210051,0,0
210052,0,0
210053,0,0
210054,0,1
210056,0,1
210058,0,0
210057,0,0
210059,0,0
210060,0,0
210061,0,0
210063,0,0
210062,0,0
210064,0,1
210065,0,0
210066,0,1
210068,0,1
210067,0,1
210069,0,1
210070,0,1
210071,0,1
210072,1,0
210073,0,0
210074,0,0
210075,0,0
210076,0,1
210077,0,0
210079,0,1
210080,0,1
210081,0,1
210082,0,0
210083,0,0
210084,0,0
210085,0,0
210086,0,0
210087,0,0
210088,0,0
210090,0,0
210092,0,0
210091,0,0
210093,0,1
210094,0,0
210096,0,1
210095,1,0
210097,0,1
210098,0,1
210099,0,0
210100,0,0
210101,0,1
210102,0,0
210103,0,1
210104,0,0
210105,0,1
210106,0,0
210107,0,0
210108,0,0
210110,0,0
210109,0,0
210111,0,0
210112,0,0
210113,0,0
210114,0,0
210115,0,0
210116,0,0
210117,0,0
210119,1,0
210118,0,0
210120,0,0
210121,0,1
210122,0,0
210123,0,0
210124,1,0
210125,0,0
210126,0,1
210127,1,0
210128,0,1
210129,0,0
210130,0,0
210131,1,0
210132,0,0
210133,1,0
210134,0,0
210135,0,0
210136,1,0
210138,0,1
210137,0,0
210139,0,1
210140,0,0
210141,0,0
210142,0,0
210143,0,0
210144,1,0
210145,0,0
210147,0,0
210146,0,0
210148,1,0
210149,0,0
210150,0,0
210151,0,1
210152,0,0
210153,0,1
210154,0,0
210155,0,1
210156,0,0
210157,0,0
210158,0,0
210159,0,0
210161,0,0
210162,0,1
210163,0,0
210165,1,0
210164,0,0
210166,0,1
210167,0,0
210168,0,0
210169,0,0
210170,0,0
210171,0,0
210173,0,0
210172,1,0
210174,1,0
210175,0,0
210176,0,0
210177,0,0
210178,0,0
210179,0,0
210180,0,1
210181,1,1
210182,0,0
210183,0,0
210184,1,0
210185,0,0
210186,0,0
210188,0,1
210187,0,0
210189,0,0
210190,0,0
210191,0,1
210192,0,0
210193,1,1
210194,0,1
210195,0,0
210197,0,0
210196,0,1
210198,0,0
210199,0,0
210200,0,1
210201,0,1
210202,1,1
210203,1,0
210204,0,0
210205,0,0
210206,0,0
210207,0,0
210208,0,0
210209,0,1
210211,0,0
210210,0,1
210212,0,1
210213,0,1
210214,1,0
210215,0,0
210216,0,0
210217,0,0
210218,1,0
210219,0,1
210220,0,0
210221,1,0
210222,1,0
210223,0,0
210224,1,0
210225,1,0
210226,0,0
210228,0,1
210227,0,0
210229,0,0
210230,0,1
210231,0,0
210232,0,0
210233,0,1
210234,0,1
210235,0,0
210236,0,1
210237,0,0
210238,0,1
210239,0,0
210240,1,1
210241,0,0
210242,0,0
210243,1,0
210244,0,1
210245,1,0
210246,0,1
210247,0,1
210248,1,0
210249,0,0
210250,0,1
210251,0,0
210252,0,0
210253,0,0
210254,0,1
210255,0,1
210256,0,0
210257,0,0
210258,1,0
210259,0,0
210260,0,0
210261,0,0
210262,0,0
210264,0,0
210263,0,0
210265,0,0
210266,0,0
210267,0,0
210268,0,0
210269,0,1
210270,0,0
210271,0,0
210272,0,0
210273,0,0
210274,0,0
210275,0,0
210277,0,0
210276,0,0
210279,0,0
210280,0,1
210281,0,0
210282,0,0
210283,1,0
210284,0,0
210285,0,1
210286,0,0
210287,1,0
210288,0,1
210289,1,0
210290,1,0
210291,0,0
210292,0,0
210293,0,0
210294,0,0
210295,0,1
210296,0,0
210297,0,0
210298,0,1
210299,0,1
210300,0,0
210301,0,0
210302,0,0
210303,0,0
210304,0,0
210305,0,0
210306,0,0
210307,0,0
210308,0,1
210309,0,0
210310,0,0
210311,0,0
210312,0,0
210313,0,0
211001,0,1
211002,1,0
211003,0,0
211004,0,0
211005,0,0
211006,0,0
211007,1,0
211008,0,1
211009,1,0
211010,0,0
211011,0,0
211013,0,0
211012,0,0
211014,0,0
211015,1,0
211016,1,0
211017,0,0
211018,0,0
211019,1,0
211020,1,0
211021,0,0
211022,0,0
211023,0,1
211024,0,0
211025,1,0
211026,0,0
211027,0,0
211028,0,0
211029,0,0
211030,0,0
211031,0,0
211032,0,0
211033,0,0
211034,0,1
211035,0,0
211036,1,1
211037,0,0
211038,1,0
211039,0,0
211040,0,0
211041,0,0
211043,0,0
211042,1,0
211044,0,0
211045,0,0
211046,0,0
211047,0,0
211048,1,1
211049,1,1
211050,0,0
211051,1,0
211052,0,0
211053,1,0
211054,0,1
211055,0,0
211056,0,0
211057,0,0
211058,0,0
211059,0,0
211060,0,0
211061,0,0
211062,0,0
211063,0,1
211065,0,0
211064,0,1
211066,0,0
211067,0,0
211068,0,1
211069,1,0
211070,0,0
211071,1,0
211072,1,1
211073,0,1
211074,1,0
211075,0,1
211076,0,1
211077,0,0
211078,0,0
211079,0,1
211080,0,0
211081,0,1
211082,0,0
211083,1,0
211085,0,1
211084,0,1
211086,0,0
211087,0,1
211088,0,0
211089,1,0
211090,0,0
211092,1,1
211091,0,0
211093,0,0
211094,0,0
211095,0,0
211096,0,1
211097,0,0
211099,0,0
211098,0,1
211100,0,1
211101,0,0
211102,0,0
211103,1,0
211104,0,0
211105,1,0
211106,0,1
211107,1,1
211108,0,1
211109,0,0
211110,0,0
211111,0,0
211112,0,1
211114,0,0
211113,0,0
211115,0,0
211116,0,0
211117,0,1
211118,1,1
211119,0,0
211120,0,1
211121,0,0
211122,0,0
211123,0,1
211124,0,1
211125,0,1
211126,0,0
211127,0,0
211128,0,0
211129,0,1
211130,0,0
211131,0,0
211132,1,1
211133,1,0
211135,1,1
211136,1,0
211137,0,1
211138,0,1
211139,0,1
211140,0,0
211141,0,0
211142,0,1
211143,0,0
211144,0,1
211145,0,0
211146,0,1
211147,0,0
211148,0,1
211150,0,0
211149,0,0
211151,0,0
211152,0,1
211153,0,0
211154,0,0
211155,0,0
211156,0,1
211157,1,1
211158,1,0
211159,0,0
211160,0,0
211161,0,0
211162,1,0
211163,1,0
211164,0,0
211165,1,0
211166,0,0
211167,0,0
211168,0,0
211169,0,0
211170,0,0
211171,0,0
211172,1,0
211173,0,1
211174,1,1
211175,0,1
211176,0,0
211177,0,0
211178,0,0
211179,0,0
211180,0,0
211181,0,0
211182,0,0
211183,0,0
211184,0,1
211185,0,1
211186,0,0
211187,0,1
211188,1,0
211190,0,0
211189,0,0
211191,1,0
211192,0,0
211193,0,0
211194,0,0
211195,0,1
211196,0,0
211197,1,0
211198,0,0
211199,0,0
211200,0,0
211201,0,1
211202,0,0
211203,0,1
211204,0,0
211205,0,0
211206,0,0
211207,0,0
211208,0,1
211209,1,1
211210,1,0
211211,0,1
211212,0,0
211213,1,1
211214,0,0
211215,0,1
211216,0,0
211217,0,0
211218,0,0
211219,0,0
211220,0,0
211221,0,1
211222,0,0
211223,0,0
211224,0,1
211225,0,0
211226,1,1
211227,0,0
211228,0,0
211229,0,1
211230,0,0
211231,0,1
211232,0,0
211233,1,0
211234,0,0
211235,1,0
211236,0,0
211237,0,0
211238,0,1
211239,0,0
211240,0,0
211241,0,0
211243,0,1
211242,0,0
211244,1,0
211245,0,0
211246,0,0
211247,0,0
211249,0,0
211248,0,0
211250,0,0
211251,0,0
211253,0,0
211252,0,0
211254,1,0
211256,1,1
211255,1,0
211257,0,0
211259,0,0
211258,0,0
211260,0,0
211261,0,1
211262,0,0
211263,1,0
211264,0,0
211266,0,0
211265,0,0
211267,0,1
211268,0,0
211269,0,0
211270,0,0
211271,0,0
211272,0,0
211273,0,0
211274,0,1
211275,1,0
211276,0,0
211277,1,0
211279,1,0
211278,0,0
211281,0,1
211280,0,0
211282,0,1
211283,0,0
211284,0,0
211285,0,0
211286,0,1
211287,0,1
211288,0,0
211289,0,0
211290,0,1
211291,0,1
212001,1,1
211292,0,0
212002,0,0
212003,1,1
212004,1,0
212005,0,1
212006,0,0
212007,0,0
212008,0,0
212009,0,0
212010,0,0
212011,0,0
212012,0,0
212013,1,1
212014,0,1
212015,0,1
212016,0,0
212017,0,0
212018,0,0
212019,0,1
212020,0,1
212021,1,0
212022,0,0
212023,0,1
212024,0,0
212025,0,0
212026,0,1
212027,1,0
212028,1,0
212029,0,0
212030,1,0
212031,0,0
212032,0,0
212033,0,0
212034,0,0
212036,0,0
212035,0,1
212037,0,0
212038,0,1
212039,0,0
212040,0,0
212041,1,1
212042,0,1
212043,0,0
212044,0,0
212046,0,0
212045,1,0
212047,0,0
212048,0,0
212049,0,0
212050,0,1
212051,0,0
212052,0,1
212053,0,1
212054,1,1
212055,0,0
212056,0,0
212057,0,0
212058,0,0
212059,0,0
212060,0,0
212061,0,0
212062,0,0
212063,0,0
212064,0,1
212065,0,0
212066,0,1
212067,1,0
212068,1,0
212069,0,0
212070,0,0
212071,0,0
212072,0,0
212073,0,0
212074,0,0
212075,0,1
212076,0,0
212077,1,0
212078,0,0
212079,0,0
212080,0,1
212081,0,0
212082,0,0
212083,0,0
212084,0,0
212085,0,0
212086,0,0
212087,1,0
212088,0,0
212089,0,1
212090,0,0
212091,0,0
212092,0,0
212093,0,0
212094,0,1
212095,0,0
212097,0,0
212098,1,1
212099,1,0
212100,0,0
212101,0,0
212102,0,0
212104,0,0
212103,0,0
212105,0,0
212106,0,0
212107,1,0
212108,0,0
212109,0,0
212110,0,0
212111,0,1
212113,0,0
212112,1,1
212114,0,0
212115,0,1
212116,0,0
212117,1,0
212118,0,1
212119,1,0
212120,1,0
212121,0,0
212122,0,0
212123,0,0
212124,0,0
212125,0,1
212126,0,0
212127,0,0
212128,0,0
212130,0,1
212129,0,0
212131,0,1
212132,0,0
212133,0,1
212134,0,0
212135,0,1
212136,0,1
212138,0,0
212137,0,0
212139,0,0
212141,0,0
212140,0,0
212142,0,0
212143,1,0
212144,0,0
212145,0,0
212146,0,0
212147,0,0
212148,0,0
212149,1,0
212150,0,0
212151,0,0
212153,0,0
212152,0,0
212154,1,0
212155,0,1
212156,0,0
212157,0,0
212158,0,0
212159,0,0
212160,0,0
212161,0,1
212162,0,0
212164,0,0
212165,0,0
212163,0,0
212166,0,0
212167,0,0
212168,0,1
212169,0,0
212170,0,0
212171,0,0
212173,1,1
212172,0,0
212174,0,0
212175,0,1
212176,0,0
212177,0,1
212178,0,0
212179,0,0
212180,0,0
212182,0,0
212181,0,0
212183,0,0
212185,0,0
212184,0,0
212187,0,0
212186,0,0
212188,0,0
212189,0,0
212191,0,0
212190,0,1
212192,0,0
212193,0,0
212194,0,0
212195,0,1
212196,1,0
212197,0,0
212198,0,0
212199,0,0
212200,0,1
212201,0,0
212202,0,0
212203,0,0
212204,0,0
212206,0,0
212207,1,1
212208,0,0
212209,0,0
212210,0,0
212211,1,1
212212,0,0
212213,0,1
212214,0,0
212215,0,0
212216,0,0
212217,0,0
212218,0,0
212219,0,0
212220,0,1
212221,0,0
212222,1,1
212223,0,0
212224,1,1
212225,0,1
212226,1,1
212227,0,0
212228,0,0
212229,1,0
212230,1,0
212231,0,1
212232,0,0
212233,0,0
212234,0,1
212236,0,1
212235,0,1
212237,0,0
212238,0,0
212239,1,0
212240,0,0
212241,0,1
212242,0,1
212243,1,1
212244,0,0
212245,0,0
212246,0,0
212247,0,0
212248,0,0
212249,0,0
212250,0,0
212251,1,0
212252,0,1
212254,1,0
212255,0,1
212256,0,0
212257,0,0
212258,1,0
212259,0,1
212260,1,0
212261,1,0
212262,0,0
212263,0,1
212265,0,0
212264,0,0
212266,0,0
212267,0,1
212268,0,1
212269,0,0
212270,0,0
212271,0,1
212272,0,0
212273,1,0
212274,0,0
212275,0,0
212276,0,0
212277,1,0
212278,0,0
212279,0,1
212280,1,0
212281,0,1
212282,0,1
212283,1,0
212284,0,0
212286,0,0
212285,1,0
212287,0,1
212288,0,0
212289,0,0
212290,0,0
212291,0,0
212292,0,0
212293,0,0
212294,0,1
212296,0,0
212297,0,0
212298,0,0
212299,0,0
212300,1,0
212301,1,0
212302,0,0
212303,0,0
212304,0,1
212305,1,1
212306,0,0
212307,0,0
212308,0,1
212309,1,0
212310,0,0
212311,0,0
212312,0,0
212313,1,0
212314,0,0
212315,0,1
212316,0,0
212317,0,1
212319,0,0
212318,0,0
212320,0,0
212322,0,0
212321,0,0
212323,0,1
212324,1,0
212325,0,0
212326,1,0
212327,0,0
212328,0,0
212329,0,0
212330,0,1
212331,1,1
212332,0,0
212333,1,0
212334,0,0
212335,0,0
212336,0,0
212337,1,0
212338,0,0
212339,0,0
212340,0,0
212341,1,0
212342,0,0
212343,0,0
212345,0,0
212344,0,0
212346,0,0
212347,0,0
212348,1,0
212349,0,1
202008,0,1
202107,0,0
202182,0,0
202185,1,0
202197,0,1
203099,1,1
203181,0,1
203203,0,0
204021,0,0
204129,0,0
204146,0,0
205004,0,0
205070,0,1
205084,0,0
205138,0,0
205170,0,0
205180,1,0
205200,0,0
205236,0,0
205250,0,1
205317,0,0
206016,0,0
206051,0,0
206096,0,0
206117,0,0
206177,0,0
206207,0,0
207019,0,0
207181,0,0
208021,0,0
208117,0,0
208174,0,1
209236,1,1
209237,0,0
210029,0,1
210042,0,0
210055,0,0
210078,0,0
210089,0,0
210160,0,0
210278,0,1
211134,1,0
212096,0,0
212205,0,0
212253,1,1
212295,0,0
201066,0,0
201074,1,0
206017,0,0
206018,0,0
206019,0,0
206020,0,1
206021,0,0
206022,1,0
206023,0,0
206024,0,0
206025,0,0
206026,0,1
206028,0,0
206027,1,0
206029,0,0
206031,0,1
206030,0,0
206032,0,0
206033,0,0
206034,0,1
206036,1,0
206035,0,1
206037,0,0
206038,0,0
206039,0,1
206040,0,0
206041,1,0
206042,0,1
206043,0,1
206044,1,0
206045,0,1
206046,0,0
206047,0,0
206048,0,0
206049,0,0
206050,0,0
206052,1,0
206053,1,0
206054,0,0
206055,0,0
206056,0,0
206057,0,0
206058,0,0
206059,0,0
206060,0,0
206061,0,0
206062,0,0
206063,0,0
206064,0,0
206065,0,0
206066,0,1
206067,1,0
206068,0,0
206069,1,0
206070,1,1
206071,0,0
206072,0,1
206073,0,0
206074,0,1
206075,0,1
206076,0,0
206077,1,0
206078,0,1
206079,0,0
206080,0,0
206081,0,1
206082,0,0
206084,0,0
206083,0,1
206085,0,1
206086,0,1
206088,0,0
206087,0,0
206089,0,0
206090,0,0
206091,1,1
206092,1,0
206093,0,0
206094,0,0
206095,0,1
206097,0,0
206098,0,0
206099,1,0
206101,0,1
206100,0,1
206102,1,0
206103,0,0
206104,0,0
206105,0,0
206106,0,0
206107,0,0
206108,0,0
206109,1,0
206110,0,1
206111,0,0
206112,0,1
206113,0,0
206114,0,0
206115,0,1
206116,0,0
206118,1,0
206119,0,0
206120,1,0
206121,1,0
206122,0,1
206124,0,0
206123,0,0
206125,0,0
206126,0,1
206128,0,1
206127,0,1
206129,0,0
206130,0,0
206131,0,0
206133,0,0
206132,0,0
206134,0,1
206135,0,0
206136,1,1
206137,0,0
206138,0,1
206139,0,0
206140,0,1
206141,0,1
206142,0,1
206143,0,0
206144,0,1
206145,0,0
206146,0,0
206147,1,0
206148,0,0
206149,0,0
206150,0,0
206151,0,1
206152,0,0
206153,0,0
206154,0,0
206155,0,0
206156,0,1
206157,0,0
206158,0,0
206159,0,1
206160,0,1
206161,0,0
206162,1,0
206163,1,0
206165,0,0
206164,1,0
206166,0,1
206167,0,0
206168,0,0
206169,0,1
206170,1,0
206171,0,0
206172,0,0
206173,0,0
206174,0,1
206175,0,1
206176,1,1
206178,0,0
206179,0,0
206180,0,1
206181,0,0
206182,0,0
206183,0,0
206185,0,0
206184,0,0
206186,0,0
206187,0,0
206188,0,0
206189,0,0
206190,0,0
206191,0,1
206192,0,0
206193,0,0
206194,0,0
206195,0,0
206196,1,1
206197,0,0
206198,0,0
206199,0,0
206200,1,0
206201,1,0
206202,0,1
206203,0,1
206204,0,0
206205,0,1
206206,0,0
206208,0,0
206209,0,1
206211,1,0
206210,0,0
206212,0,0
206213,0,1
206215,0,0
206214,0,1
206216,0,0
206218,0,1
206217,0,1
206219,0,0
206220,0,1
206221,0,0
206222,0,0
206223,0,1
206224,0,0
206225,0,0
206226,0,0
206227,0,1
206228,0,0
206229,0,1
206230,0,0
206231,0,0
206232,1,0
206233,0,0
206234,0,1
206235,0,0
206236,0,0
206237,0,0
206238,0,0
206239,0,0
206240,0,1
206241,0,0
206242,0,0
206243,0,0
206244,0,0
206245,1,1
206246,0,1
206247,1,0
206248,0,0
206249,0,0
206250,0,0
206251,0,0
206252,0,1
206253,0,0
206254,0,0
206255,1,1
207001,0,0
207002,0,1
207003,0,0
207004,0,1
207005,0,0
207006,0,1
207007,1,0
207008,0,0
207009,0,0
207010,0,0
207011,1,1
207012,0,0
207013,0,0
207014,0,0
207015,0,0
207016,0,0
207017,0,0
207018,0,0
207020,0,0
207021,0,0
207022,0,1
207023,0,0
207024,0,0
207025,0,0
207026,0,0
207028,0,1
207027,0,0
207029,0,0
207030,1,0
207031,0,0
207032,1,0
207033,0,0
207034,0,0
207035,0,0
207036,0,0
207037,0,0
207038,0,0
207039,0,0
207040,0,0
207041,0,0
207042,0,0
207043,0,0
207044,0,0
207045,1,0
207046,0,1
207047,0,0
207048,0,0
207049,0,1
207050,1,0
207051,0,0
207052,1,0
207053,0,0
207054,0,0
207055,0,0
207056,0,0
207058,0,0
207057,0,0
207059,0,0
207060,0,0
207061,0,0
207062,0,1
207063,0,1
207064,0,0
207065,0,0
207066,0,0
207067,0,0
207068,0,0
207070,0,0
207069,0,1
207071,1,0
207072,0,1
207073,0,0
207074,0,0
207075,0,0
207076,0,0
207077,0,1
207078,0,1
207079,0,1
207080,1,1
207081,0,0
207082,0,0
207083,0,0
207084,0,0
207085,0,0
207086,0,0
207087,0,0
207088,0,0
207089,1,1
207090,0,1
207091,0,0
207093,0,0
207092,0,0
207094,1,1
207095,1,0
207096,0,0
207097,0,0
207098,0,0
207099,0,0
207100,0,0
207101,1,1
207103,0,0
207102,1,0
207104,0,0
207105,0,0
207106,0,0
207107,0,1
207108,0,0
207109,0,0
207110,1,0
207111,0,0
207112,0,1
207113,0,0
207114,0,0
207115,0,0
207116,0,0
207117,0,1
207118,0,0
207119,0,0
207120,0,0
207121,0,0
207122,0,0
207123,1,0
207124,0,0
207125,0,0
207126,1,0
207127,0,0
207128,0,0
207129,0,0
207130,1,1
207131,0,0
207132,0,1
207134,0,0
207133,0,0
207135,0,0
207136,0,0
207137,0,0
207138,1,0
207139,1,0
207140,0,1
207141,0,0
207142,0,0
207143,0,1
207144,0,1
207145,0,1
207146,0,0
207147,0,0
207148,0,0
207149,0,0
207150,0,0
207151,0,0
207152,0,0
207153,0,0
207154,0,0
207156,0,0
207155,0,0
207157,0,1
207158,0,1
207159,0,0
207160,0,0
207161,0,0
207162,0,0
207163,0,0
207164,1,1
207165,0,0
207166,0,0
207167,0,0
207168,0,0
207169,0,0
207170,0,0
207171,0,0
207172,0,0
207173,0,1
207174,0,0
207175,0,0
207176,0,0
207177,0,0
207178,1,0
207179,0,1
207180,0,0
207182,0,0
207183,1,1
207185,0,0
207184,0,1
207186,0,0
207187,1,0
207188,0,1
207189,0,0
207190,0,0
207191,0,0
207192,0,1
207193,0,0
207194,0,1
207195,0,0
207196,0,0
207197,1,1
207198,0,0
207199,0,0
207200,0,0
207201,0,0
207202,0,0
207203,0,0
207204,0,0
207205,0,0
207206,1,0
207207,1,0
207208,0,1
207209,0,0
207210,0,0
207211,0,0
207212,0,0
207213,0,0
207214,0,0
207215,0,0
207216,0,0
207217,0,1
207219,0,0
207218,0,0
207220,0,0
207221,1,1
207222,1,0
207223,0,0
207224,0,0
207225,0,0
207226,1,0
207227,0,0
207229,0,1
207228,0,0
207230,0,0
207231,0,0
207232,0,0
207233,0,0
207234,0,1
207235,0,0
207236,1,0
207237,0,1
207238,0,1
207239,0,1
207240,0,1
207241,0,1
207242,0,0
207243,0,0
207244,1,0
207245,0,0
207246,0,0
207247,0,0
207248,0,0
207249,0,0
207250,0,0
207251,0,0
207252,0,0
207253,0,0
207254,1,0
207255,0,0
207256,0,0
207257,0,0
207258,0,0
207259,0,0
207260,0,0
207261,0,0
207262,0,0
207263,0,0
207264,0,0
207265,1,0
207266,0,0
207268,1,0
207267,0,1
207269,0,0
207270,0,0
207271,0,0
207272,0,0
207273,0,0
207274,0,0
207275,0,1
207276,0,0
207277,0,0
207278,0,0
207280,0,0
207279,0,0
207281,0,0
207282,0,0
207283,0,0
207284,0,1
208001,0,0
208002,0,0
208003,0,0
208004,0,0
208005,0,1
208006,0,0
208008,0,0
208007,0,0
208009,0,0
208010,1,0
208011,0,0
208012,0,1
208013,0,0
208014,0,0
208015,0,0
208017,0,0
208016,0,0
208018,0,0
208019,0,0
208020,0,0
208022,1,0
208024,0,0
208023,0,0
208025,0,0
208026,0,1
208027,1,0
208028,0,0
208029,1,0
208030,1,0
208031,0,0
208032,0,0
208033,0,1
208034,0,0
208036,0,0
208035,0,1
208037,1,0
208038,0,1
208039,0,1
208040,0,0
208041,0,0
208042,0,0
208043,0,0
208045,0,0
208044,1,0
208046,0,0
208047,0,0
208048,0,0
208049,0,0
208050,0,0
208051,0,0
208052,0,0
208053,0,0
208054,0,0
208055,0,0
208057,0,0
208056,0,0
208058,0,0
208059,0,0
208060,0,0
208061,0,0
208062,0,1
208063,0,0
208064,0,0
208065,0,0
208066,0,1
208067,0,1
208068,0,0
208069,1,0
208070,0,1
208071,0,0
208072,0,0
208073,0,0
208074,1,0
208075,1,1
208076,0,0
208077,0,0
208078,0,0
208079,0,0
208081,1,0
208080,0,1
208082,0,1
208083,0,0
208084,0,1
208085,1,0
208086,0,0
208087,0,0
208088,1,0
208089,0,1
208090,0,0
208091,0,0
208093,0,0
208092,0,0
208094,0,0
208095,0,0
208096,0,0
208097,0,0
208098,0,1
208099,0,0
208100,0,0
208101,0,0
208102,0,0
208103,0,0
208104,0,0
208105,0,0
208106,0,0
208107,0,1
208108,0,1
208109,0,1
208110,0,0
208111,1,0
208112,0,0
208113,0,0
208114,0,0
208116,0,0
208115,1,0
208118,0,0
208119,0,0
208120,0,0
208121,0,1
208122,1,0
208123,0,1
208124,0,0
208125,0,0
208126,0,0
208127,0,0
208128,1,0
208129,1,0
208130,0,0
208131,0,0
208132,0,0
208133,0,0
208134,0,0
208136,0,0
208135,1,0
208137,0,1
208138,0,0
208140,0,1
208139,0,0
208141,0,0
208142,0,0
208143,1,0
208144,0,1
208145,1,0
208146,0,0
208147,1,0
208148,0,0
208149,0,0
208150,1,1
208151,0,1
208152,0,0
208153,0,1
208154,0,0
208155,0,0
208156,0,0
208157,0,0
208158,1,0
208159,0,0
208160,0,0
208161,0,0
208162,0,0
208163,0,0
208164,0,0
208165,0,0
208166,0,0
208167,0,0
208168,0,0
208169,0,0
208170,1,0
208171,0,0
208172,0,1
208173,0,0
208176,0,1
208175,0,0
208177,0,1
208178,0,0
208179,0,0
208180,0,1
208181,0,0
208182,0,0
208183,0,0
208185,0,0
208184,0,0
208186,1,0
208187,0,0
208188,0,0
208189,1,0
208191,0,1
208190,0,0
208192,0,0
208193,0,0
208194,0,1
208195,0,0
208196,0,1
208197,1,0
208198,0,1
208199,0,0
208201,0,0
208200,0,0
208202,0,0
208203,0,1
208204,1,1
208205,0,0
208206,0,0
208207,0,0
208208,0,0
208209,0,0
208210,1,0
208211,0,1
208212,0,0
208213,0,0
208214,1,0
208215,0,0
208216,0,0
208217,0,1
208218,0,0
208219,0,0
208220,0,0
208221,0,1
208222,0,1
208223,0,0
208224,0,1
208225,0,0
208226,0,1
208227,0,0
208228,0,1
208229,1,0
208230,0,0
208231,0,0
208232,0,0
209001,1,0
209002,0,0
209003,0,0
209004,0,0
209005,0,0
209006,0,1
209007,0,0
209008,1,0
209009,0,0
209010,0,0
209011,0,0
209012,0,0
209013,0,0
209014,0,0
209016,0,1
209015,0,0
209017,1,0
209018,1,0
209019,0,0
209020,0,1
209021,0,1
209022,0,0
209023,0,0
209024,0,0
209025,0,0
209026,0,0
209027,0,0
209028,1,1
209029,0,0
209030,1,1
209031,0,0
209032,0,0
209033,0,0
209034,0,0
209035,0,0
209036,0,1
209037,0,0
209038,0,1
209039,0,0
209040,1,0
209041,1,0
209042,0,0
209043,1,0
209044,0,0
209045,0,0
209046,0,0
209047,0,0
209048,0,1
209049,0,0
209050,0,1
209051,0,0
209052,0,0
209053,0,0
209054,0,0
209055,0,0
209056,1,1
209057,0,0
209058,0,0
209059,0,1
209060,0,1
209062,0,0
209061,1,0
209063,0,1
209064,0,1
209065,1,0
209066,1,0
209067,1,1
209068,0,1
209069,0,0
209070,0,1
209071,0,1
209072,0,0
209073,0,0
209074,0,0
209075,0,0
209076,0,1
209077,0,0
209078,0,0
209079,0,0
209080,0,0
209081,1,0
209082,0,1
209083,0,0
209085,0,0
209084,0,1
209086,0,0
209087,0,1
209088,1,1
209089,0,0
209090,0,0
209091,0,0
209093,0,0
209092,0,1
209094,0,0
209095,1,0
209096,0,0
209097,0,1
209098,0,0
209099,0,0
209100,1,1
209101,0,0
209102,0,0
209103,1,0
209104,0,0
209105,0,0
209106,0,0
209107,0,0
209108,0,1
209109,0,0
209110,0,0
209111,0,0
209113,0,1
209112,0,0
209114,0,0
209115,0,0
209116,1,0
209117,0,0
209118,0,1
209119,0,0
209120,0,1
209121,0,1
209122,0,1
209123,0,1
209124,0,0
209125,0,1
209126,0,0
209127,0,0
209128,0,0
209129,0,1
209130,0,1
209131,0,0
209132,0,1
209133,0,0
209134,0,0
209135,0,0
209136,0,1
209137,1,1
209138,0,0
209139,1,0
209140,0,0
209141,0,0
209142,0,0
209143,0,0
209144,0,1
209145,1,1
209146,0,1
209147,1,0
209148,0,0
209149,0,0
209150,0,0
209151,0,0
209152,0,0
209154,0,1
209153,0,1
209155,0,1
209156,0,0
209157,0,0
209158,0,0
209159,0,0
209160,0,1
209161,0,0
209162,0,0
209163,0,0
209164,1,0
209165,0,0
209166,0,0
209167,1,0
209168,1,1
209169,0,0
209170,0,0
209171,0,0
209172,1,1
209173,0,1
209174,1,0
209175,0,0
209176,1,1
209177,1,0
209178,0,1
209179,1,0
209180,1,1
209182,1,0
209181,0,1
209183,0,0
209184,1,0
209185,0,1
209186,1,1
209187,0,1
209188,0,0
209190,1,0
209189,0,0
209191,0,0
209192,0,0
209193,0,0
209194,0,0
209195,0,0
209196,1,1
209197,0,0
209198,0,0
209199,0,0
209200,0,1
209201,0,1
209202,0,1
209203,0,0
209204,0,1
209205,0,0
209206,0,1
209207,1,1
209208,0,0
209209,0,0
209210,0,1
209211,0,1
209212,0,0
209213,0,1
209214,1,1
209215,0,0
209216,0,1
209217,0,0
209218,0,0
209219,1,0
209220,0,0
209221,0,0
209222,0,0
209223,0,0
209224,0,0
209225,0,1
209226,0,1
209227,0,0
209228,0,0
209229,0,1
209230,0,0
209231,0,0
209232,0,1
209233,1,0
209234,0,1
209235,0,1
209238,0,0
209239,0,0
209240,0,1
209241,0,0
209242,1,0
209243,0,0
209245,0,0
209244,0,0
209246,0,1
209247,0,0
209248,0,1
209249,0,0
209250,0,0
209251,1,0
209252,0,1
209253,0,0
209254,1,0
209255,1,0
209256,0,0
209257,0,1
202066,1,0
202067,0,1
202068,0,1
202069,0,1
202070,0,0
202071,0,0
202072,0,0
202073,0,0
202074,0,0
202075,0,0
202076,1,0
202077,0,1
202078,0,1
202079,1,1
202080,1,1
202081,0,0
202082,1,0
202083,0,0
202084,0,0
202085,0,0
202086,0,0
202087,0,0
202088,0,1
202089,0,0
202090,0,1
202091,0,0
202092,0,0
202093,1,0
202094,0,1
202095,0,0
202096,1,0
202097,1,0
202098,0,1
202099,0,0
202100,0,1
202101,0,1
202102,0,0
202103,0,0
202104,0,1
202105,0,0
202106,0,0
202108,0,0
202109,0,0
202110,0,0
202111,0,0
202112,0,1
202113,0,0
202114,0,0
202115,0,1
202116,1,1
202117,0,1
202118,0,0
202119,0,0
202120,0,0
202121,0,1
202122,0,0
202123,0,0
202124,0,0
202125,0,0
202126,0,1
202127,0,0
202128,0,0
202129,0,1
202130,0,0
202131,0,1
202132,0,0
202133,1,0
202134,0,0
202136,0,0
202135,0,0
202137,0,0
202138,0,1
202139,0,0
202140,0,0
202141,0,0
202142,0,1
202143,0,0
202144,0,0
202145,0,0
202146,0,0
202147,0,0
202148,0,0
202149,1,1
202150,0,1
202151,0,0
202152,0,0
202153,0,0
202154,0,0
202155,0,0
202156,0,0
202157,0,1
202158,1,0
202159,0,1
202160,0,1
202161,0,0
202162,0,0
202163,0,0
202164,0,1
202165,0,0
202166,0,0
202167,0,0
202168,0,0
202169,0,0
202170,0,1
202171,0,1
202172,0,0
202173,0,0
202174,0,1
202175,0,1
202176,0,0
202177,0,0
202178,0,1
202179,0,1
202180,1,0
202181,0,1
202183,0,0
202184,0,0
202186,0,0
202187,0,0
202188,0,0
202189,1,0
202190,0,0
202191,1,1
202192,1,0
202193,0,0
202194,0,1
202195,1,0
202196,0,0
202198,0,1
202199,0,0
202200,0,0
202201,0,1
202202,0,1
202203,0,0
202204,0,1
202205,0,1
202206,0,0
202207,0,0
202208,0,0
202209,0,0
202210,1,0
203001,1,1
203002,0,0
203003,0,0
203004,0,0
203005,0,0
203006,0,0
203007,0,1
203008,1,0
203009,0,1
203010,0,1
203011,1,1
203012,0,0
203013,0,0
203014,0,0
203015,0,0
203016,0,0
203017,0,0
203018,0,0
203019,0,1
203020,0,0
203021,0,0
203022,0,0
203023,0,0
203024,0,0
203025,1,0
203026,0,0
203027,1,0
203028,0,0
203029,0,0
203030,1,0
203031,1,0
203032,0,0
203033,0,0
203034,0,0
203035,0,0
203036,0,1
203037,0,0
203038,0,1
203039,0,0
203040,0,0
203041,0,0
203042,1,0
203043,0,0
203044,0,0
203045,0,1
203046,0,0
203047,0,0
203048,0,0
203049,0,0
203050,1,0
203051,0,0
203052,0,0
203053,0,0
203054,1,0
203055,0,0
203056,0,1
203057,0,0
203058,0,0
203059,0,1
203060,0,0
203061,0,0
203062,0,0
203063,0,0
203064,0,0
203065,0,1
203066,0,1
203067,0,0
203068,0,0
203069,0,1
203070,0,0
203071,0,0
203072,1,0
203074,1,0
203073,1,0
203075,0,1
203076,0,1
203077,0,0
203078,0,0
203079,0,0
203080,0,0
203081,0,1
203082,0,0
203083,0,0
203084,0,0
203085,0,0
203086,0,0
203087,0,1
203088,0,0
203089,0,0
203090,0,0
203091,0,0
203092,0,1
203093,0,0
203094,0,0
203095,0,0
203096,0,0
203097,0,0
203098,0,1
203100,0,1
203101,0,1
203102,0,0
203103,0,0
203104,0,0
203105,1,0
203106,0,1
203107,0,0
203108,0,0
203109,0,0
203110,1,0
203111,0,0
203112,0,0
203113,0,0
203114,0,0
203115,0,0
203116,0,0
203117,0,0
203118,0,0
203119,0,1
203120,0,0
203121,0,0
203122,0,0
203123,1,1
203124,0,1
203125,0,1
203126,0,1
203127,0,1
203128,0,0
203129,0,0
203130,0,0
203131,0,0
203132,1,0
203133,0,0
203134,0,0
203135,0,1
203136,0,0
203137,0,1
203138,0,0
203139,1,0
203140,0,0
203141,0,0
203142,1,1
203143,0,1
203144,0,0
203145,1,0
203146,0,0
203147,0,0
203148,0,0
203149,0,0
203150,1,0
203151,0,0
203152,0,0
203153,0,0
203155,0,1
203154,0,0
203156,0,0
203157,0,0
203158,0,1
203159,0,1
203160,0,0
203161,0,0
203162,0,0
203163,0,0
203164,1,0
203165,0,0
203166,0,1
203167,0,0
203168,0,0
203169,0,0
203170,0,0
203171,1,0
203172,0,0
203173,0,0
203174,0,1
203176,0,0
203175,0,0
203177,0,0
203178,1,1
203179,0,0
203180,0,1
203182,0,1
203183,0,0
203184,0,0
203185,0,0
203186,0,0
203187,0,0
203188,0,1
203189,0,0
203190,0,0
203191,0,1
203192,0,1
203193,0,1
203194,0,0
203195,0,1
203196,1,1
203197,0,0
203198,0,0
203199,0,0
203200,0,0
203201,0,1
203202,0,0
203204,0,0
203205,1,0
203206,0,0
203207,0,0
203208,0,0
203209,1,0
203210,0,1
203211,0,1
203212,0,0
203213,0,0
203214,0,0
203215,0,0
203216,0,0
203217,0,1
203218,0,0
203219,0,0
203220,0,0
203221,0,0
203222,0,0
203223,0,0
203224,0,0
203226,1,1
203225,0,0
203227,1,1
203228,0,0
203229,0,0
203230,0,0
203231,0,1
203232,0,0
203233,0,0
203234,0,1
203235,0,1
203236,0,0
203237,0,0
203238,1,0
203239,0,0
203240,0,0
203241,0,1
203242,0,0
203243,0,1
203244,0,0
203245,0,1
203246,0,0
203247,0,0
203248,1,0
203249,0,0
203250,0,0
203251,0,1
203252,0,0
203253,0,0
203254,0,0
203255,0,0
203256,0,0
203257,0,1
203258,0,0
203259,0,0
203260,0,0
203261,0,0
203262,1,0
203263,0,0
203264,0,1
203265,0,0
203266,0,1
203267,0,0
203268,0,1
203269,0,0
203270,0,0
203271,0,0
203272,0,0
203273,1,0
203274,0,0
203275,0,0
203276,0,0
203277,0,0
204001,0,0
204002,0,1
204003,0,1
204004,0,1
204005,0,1
204006,0,0
204007,0,1
204008,1,0
204009,0,0
204010,1,0
204011,0,1
204013,0,0
204012,0,0
204014,0,0
204015,1,0
204016,1,1
204017,0,0
204018,0,1
204019,0,0
204020,0,0
204022,0,0
204023,0,0
204024,0,0
204025,0,0
204026,0,1
204027,0,1
204028,0,0
204029,1,0
204030,0,1
204031,0,0
204032,0,0
204033,0,0
204034,0,0
204035,1,0
204036,0,0
204037,0,1
204038,0,0
204039,0,0
204040,0,0
204041,0,0
204042,0,0
204044,1,0
204043,0,0
204045,0,1
204046,0,1
204047,1,0
204048,0,0
204049,0,0
204050,0,0
204051,1,0
204052,0,0
204053,0,0
204055,0,1
204054,0,1
204056,0,0
204057,1,1
204058,0,0
204059,0,0
204060,0,0
204062,0,1
204061,0,0
204063,0,0
204064,0,0
204065,0,0
204066,0,0
204067,0,0
204068,0,0
204069,0,0
204070,0,0
204071,0,0
204072,0,0
204073,0,1
204074,0,1
204075,0,0
204076,1,0
204077,0,0
204078,1,0
204079,0,0
204080,0,0
204081,1,0
204082,1,0
204083,0,0
204084,0,0
204085,0,0
204086,0,1
204087,1,0
204088,0,0
204089,1,0
204090,0,0
204091,0,0
204092,0,0
204093,0,0
204094,0,0
204095,0,0
204096,0,0
204097,0,1
204098,1,0
204099,0,0
204100,0,0
204101,1,0
204102,0,0
204103,1,0
204104,0,0
204105,1,1
204106,0,1
204107,1,0
204108,0,0
204109,1,0
204110,0,1
204111,0,1
204112,0,1
204113,0,1
204115,0,1
204114,0,0
204116,0,0
204117,0,0
204118,0,0
204119,1,1
204120,0,0
204121,0,1
204122,0,0
204123,0,0
204124,0,0
204125,0,1
204126,0,0
204127,0,1
204128,1,1
204130,0,1
204131,1,1
204132,0,1
204133,0,0
204134,0,0
204135,0,0
204136,0,0
204137,0,0
204138,0,0
204139,0,0
204140,0,0
204141,0,0
204142,0,0
204143,0,0
204144,0,0
204145,0,0
204147,0,0
204148,0,0
204150,0,0
204149,0,1
204151,0,0
204152,0,0
204153,1,1
204154,0,0
204155,0,0
204156,0,0
204157,0,0
204158,1,0
204159,0,1
204160,0,0
204161,0,0
204162,0,1
204163,0,0
204164,0,0
204165,0,0
204166,0,1
204167,0,0
204168,1,0
204169,0,0
204170,1,0
204171,0,0
204172,0,0
204173,0,0
204174,1,0
204175,0,0
204176,0,0
204177,0,0
204178,1,0
204179,0,1
204180,0,0
204181,0,0
204182,0,0
204183,0,1
204184,1,0
204185,0,0
204186,0,0
204187,0,0
204188,0,0
204189,0,0
204190,0,0
204191,0,1
204192,0,1
204193,0,0
204194,0,0
204195,1,1
204196,0,0
204197,0,1
204198,0,1
204199,0,1
204200,0,0
204201,0,0
204202,0,0
204203,1,1
204204,0,1
204205,0,1
204206,0,1
204207,0,0
204208,0,0
204209,1,0
204210,1,0
204211,0,0
204212,0,0
204213,0,1
204214,1,0
204215,0,0
204216,0,0
204217,0,0
204218,0,0
204219,0,0
204220,0,0
204221,0,0
204222,0,0
204223,1,0
204224,0,0
204225,0,0
204226,0,1
204227,0,1
204228,0,0
204229,0,0
204230,0,0
204231,0,0
204232,0,0
204233,0,0
204234,1,0
204235,1,1
204236,1,0
204237,0,1
204238,1,1
204239,0,0
204240,1,0
204241,0,0
204242,0,0
204243,0,0
204244,1,1
204245,0,0
204246,0,0
204247,0,1
204248,0,0
204249,0,0
204250,0,0
204251,0,1
204252,0,0
204253,0,0
204254,0,0
204255,0,0
204256,0,0
204257,0,0
204258,0,0
204259,1,0
204260,0,0
205001,1,0
204261,0,0
205002,0,0
205003,0,1
205005,0,0
205007,0,1
205006,0,1
205008,0,0
205009,0,0
205010,1,0
205011,0,0
205012,0,0
205013,0,1
205014,0,1
205015,0,0
205016,0,0
205017,0,0
205018,0,0
205019,0,1
205020,0,0
205021,0,0
205022,0,1
205023,0,0
205024,0,0
205025,0,0
205026,0,1
205027,0,0
205028,0,0
205029,0,0
205030,0,0
205031,0,0
205032,0,1
205033,0,1
205034,0,1
205035,0,1
205036,1,0
205037,1,1
205038,0,1
205039,0,1
205040,0,1
205041,1,0
205043,0,0
205042,1,0
205044,0,0
205045,0,0
205047,0,0
205046,0,1
205048,0,0
205050,1,1
205049,0,0
205051,1,1
205052,0,0
205053,0,0
205054,0,1
205055,0,1
205056,0,0
205057,0,0
205058,0,0
205059,0,0
205060,0,0
205061,0,0
205062,0,0
205063,1,0
205064,0,0
205065,1,0
205066,0,0
205067,0,1
205068,0,0
205069,0,0
205071,0,0
205073,0,0
205072,0,0
205074,0,1
205075,0,0
205076,0,0
205077,1,0
205078,0,0
205079,0,0
205080,0,0
205081,0,0
205082,1,0
205083,0,1
205085,0,0
205086,0,0
205087,0,0
205088,0,0
205089,0,1
205090,0,0
205091,0,1
205092,0,0
205093,0,0
205094,1,0
205095,0,0
205096,0,0
205097,1,0
205099,0,0
205098,1,0
205100,0,1
205101,1,0
205102,0,0
205103,0,0
205104,0,0
205105,0,1
205106,0,0
205107,1,0
205108,1,1
205109,0,1
205110,1,0
205111,1,0
205112,0,0
205113,0,0
205114,0,1
205115,0,0
205116,0,0
205118,0,0
205117,0,1
205119,0,0
205120,0,0
205121,0,0
205122,0,0
205123,0,1
205125,0,0
205124,0,0
205126,0,0
205127,0,0
205128,0,1
205129,0,1
205130,1,1
205131,0,0
205132,0,0
205133,0,0
205134,0,0
205135,0,0
205136,0,1
205137,0,0
205139,0,1
205140,1,1
205141,0,0
205142,1,0
205143,0,0
205144,0,0
205145,0,1
205146,0,0
205147,0,1
205148,0,1
205149,0,0
205150,0,0
205151,0,0
205152,1,0
205154,0,0
205153,1,0
205155,0,1
205157,0,1
205156,0,0
205158,0,1
205159,0,0
205160,1,0
205161,0,0
205162,0,0
205164,0,0
205163,0,0
205165,1,0
205166,0,0
205167,0,1
205168,0,1
205169,0,0
205171,0,0
205172,0,0
205174,0,0
205173,0,0
205175,0,1
205176,0,1
205177,0,1
205178,0,0
205179,1,0
205181,0,0
205183,0,0
205182,0,0
205184,0,0
205185,0,1
205186,0,0
205187,0,0
205188,0,0
205189,0,0
205190,0,1
205191,1,0
205192,0,0
205193,0,0
205194,0,0
205195,1,0
205196,0,0
205197,0,0
205198,0,1
205199,0,1
205202,1,0
205201,0,1
205203,0,1
205204,0,0
205205,0,0
205206,0,0
205207,0,0
205208,0,0
205209,0,1
205210,0,0
205211,0,0
205212,0,0
205213,0,0
205214,0,0
205215,0,0
205216,0,1
205217,0,0
205218,0,0
205219,1,0
205220,0,0
205221,0,0
205222,0,0
205223,0,0
205224,0,0
205225,1,0
205226,0,0
205227,0,0
205228,0,0
205229,0,1
205230,0,0
205231,0,0
205232,0,0
205233,0,1
205234,1,0
205235,0,0
205237,0,1
205238,0,0
205239,0,0
205240,0,1
205241,0,0
205243,0,0
205242,1,0
205244,0,0
205245,0,0
205246,0,0
205247,0,0
205248,0,0
205249,1,0
205251,0,1
205252,1,0
205253,0,1
205254,0,0
205255,1,0
205256,0,0
205257,0,0
205258,0,0
205259,0,1
205260,0,0
205261,0,0
205262,0,1
205263,0,0
205264,1,0
205265,0,1
205266,0,1
205267,1,0
205268,0,0
205269,1,0
205270,0,0
205271,0,0
205272,0,1
205273,1,0
205274,0,0
205275,0,1
205276,0,0
205277,0,0
205278,0,0
205279,0,1
205280,0,0
205281,0,0
205282,0,0
205283,0,1
205285,0,0
205284,0,1
205286,0,0
205287,0,0
205288,0,0
205289,0,0
205290,0,0
205291,0,0
205292,0,0
205293,0,1
205294,0,0
205295,0,0
205296,0,0
205297,0,1
205298,0,0
205299,0,0
205300,0,1
205301,0,1
205302,0,1
205303,0,0
205305,0,0
205304,1,0
205306,0,0
205307,1,0
205309,0,0
205308,0,0
205310,0,0
205311,0,0
205312,0,1
205313,0,0
205314,0,0
205315,0,0
205316,0,0
205318,0,0
205319,0,0
205320,0,0
205321,0,0
205322,0,0
206001,0,0
206002,0,0
206003,0,0
206004,0,0
206005,0,0
206006,0,0
206007,0,0
206008,0,0
206009,0,0
206010,0,0
206011,0,0
206012,0,0
206013,0,1
206014,0,0
206015,0,0
201001,1,0
201002,1,0
201003,0,0
201004,0,0
201005,0,1
201006,0,0
201007,1,1
201008,0,1
201009,0,0
201010,0,0
201011,0,0
201012,0,0
201013,0,0
201014,0,1
201015,0,1
201016,0,0
201017,0,0
201018,0,0
201019,0,0
201020,0,0
201021,0,0
201022,0,0
201023,0,1
201024,0,0
201025,0,1
201026,1,0
201027,0,1
201028,1,1
201029,0,0
201030,0,0
201031,0,0
201032,1,0
201033,0,0
201034,0,0
201035,0,0
201036,0,0
201037,0,1
201038,0,0
201039,0,0
201040,1,0
201041,0,0
201042,0,1
201043,0,1
201044,0,0
201045,0,0
201046,0,0
201047,0,0
201048,0,0
201049,0,1
201050,0,0
201051,0,0
201052,0,0
201053,0,0
201054,0,0
201055,0,1
201056,0,0
201057,0,1
201058,0,0
201059,0,0
201060,1,1
201061,0,1
201062,0,0
201063,0,0
201064,0,0
201065,0,0
201067,1,0
201068,0,0
201069,0,1
201070,0,0
201071,0,0
201072,0,0
201073,0,0
201075,0,0
201076,0,0
201077,0,0
201078,0,1
201079,1,0
201080,0,1
201081,1,1
201082,0,1
201083,0,0
201084,0,0
201085,0,1
201086,0,0
201087,0,0
201088,0,1
201089,0,0
201090,0,0
201091,0,1
201092,0,0
201093,0,1
201094,0,0
201095,0,0
201096,0,0
201097,0,0
201098,0,0
201099,0,0
201100,0,0
201101,0,0
201102,0,0
201103,0,0
201104,0,0
201105,0,0
201106,0,1
201107,0,1
201108,0,0
201109,1,0
201110,0,0
201111,0,0
201112,0,0
201113,0,0
201114,0,1
201115,0,0
201116,0,0
201117,0,0
201118,0,0
201119,1,1
201120,0,1
201121,0,0
201122,0,0
201123,0,1
201124,0,0
201125,0,1
201126,0,0
201127,0,1
201128,0,1
201129,0,0
201130,0,0
201131,0,0
201132,0,0
201134,0,0
201133,0,0
201135,0,0
201136,0,0
201137,0,1
201139,0,1
201138,0,0
201140,0,0
201141,0,0
201142,0,0
201143,0,0
201144,0,1
201145,1,0
201146,1,0
201147,0,0
201148,0,0
201149,0,1
201150,0,0
201151,0,1
201152,0,0
201153,0,0
201154,0,0
201155,0,0
201156,0,0
201157,0,0
201158,1,0
201159,1,0
201160,0,0
201161,0,0
201162,0,1
201163,0,0
201164,1,1
201165,0,1
201166,0,1
201167,0,0
201168,0,0
201169,0,0
201170,0,0
201171,0,0
201172,0,1
201173,0,0
201174,1,0
201175,0,1
201176,0,0
201177,0,0
201178,0,0
201179,0,0
201180,0,0
201181,0,0
201182,0,0
201183,0,0
201184,0,0
201185,0,0
201186,0,0
201187,0,1
201188,0,0
201189,0,0
201191,0,0
201190,0,1
201192,0,0
201193,1,0
201194,0,0
201195,0,0
201196,1,0
201197,0,0
201198,0,0
201199,0,1
201200,0,1
201201,0,1
201202,0,0
201203,0,0
201204,1,0
201205,0,0
201206,0,0
201207,1,1
201208,0,1
201209,0,0
201210,0,0
201211,1,0
201212,0,0
201213,0,1
201214,0,0
201215,0,0
201216,0,0
201217,0,0
201218,0,1
201219,0,0
201220,0,1
201221,0,0
201222,0,0
201223,0,0
201224,0,0
201226,0,0
201225,0,0
201227,0,0
201228,0,0
201229,0,0
201230,0,1
201231,0,1
201232,0,0
201233,0,0
201234,0,0
201235,0,0
201236,0,1
201237,0,0
201238,0,0
201239,1,0
201240,0,0
201241,0,0
201242,1,1
201243,0,1
201244,0,0
201245,0,0
201246,0,0
201247,0,0
201248,0,0
201249,0,1
201250,0,0
201251,0,0
201252,0,0
201253,1,0
201254,0,1
201255,0,0
201256,0,0
201257,0,0
201258,0,0
201259,0,0
201261,1,0
201260,0,1
201262,0,0
201263,1,0
201264,1,0
201265,0,0
201266,0,1
201267,0,0
201268,0,0
201269,0,1
201270,0,0
201271,0,0
201272,0,1
202001,0,1
202002,0,0
202003,0,1
202004,0,0
202006,0,0
202005,0,0
202007,0,1
202009,0,0
202010,0,0
202011,0,0
202012,0,0
202013,0,1
202014,0,0
202015,0,1
202016,0,0
202017,0,1
202018,0,0
202019,0,1
202020,0,1
202021,0,1
202022,0,1
202023,0,0
202024,0,1
202025,1,1
202026,0,0
202027,0,0
202028,0,0
202029,0,0
202030,0,0
202031,0,0
202032,0,0
202033,0,0
202034,0,1
202035,0,0
202036,1,0
202037,0,0
202038,0,0
202039,0,0
202040,0,0
202041,0,0
202042,0,0
202043,0,0
202044,1,0
202046,0,0
202045,0,0
202047,1,1
202048,0,1
202049,0,0
202050,0,1
202051,0,0
202052,0,0
202053,0,0
202054,0,0
202055,0,0
202056,0,0
202057,1,0
202058,0,0
202059,0,1
202060,0,1
202061,0,0
202062,0,0
202063,0,0
202064,0,0
202065,1,0
311097,1,0
311098,0,1
311101,0,0
311106,0,0
311108,0,0
311111,0,1
311112,0,1
311113,0,0
311115,0,0
311127,0,1
311132,0,1
311135,0,0
311136,0,0
311141,0,1
311146,0,1
311148,0,0
311150,0,0
311152,0,0
311153,0,0
311154,1,1
311155,0,0
311157,0,0
311158,1,1
311160,0,0
311162,0,0
311163,0,1
311165,0,0
311167,0,0
311168,0,0
311170,0,0
311171,0,0
311175,0,1
311185,1,0
311188,0,0
311194,0,1
311195,0,0
311199,0,0
311204,0,0
311208,0,0
311210,0,0
311212,0,1
311217,0,0
311218,1,0
311219,0,0
311220,0,0
311223,0,1
311227,0,0
311228,0,0
311239,0,0
311241,0,1
311242,0,0
311243,0,0
311248,0,0
311249,0,0
311250,0,0
311252,0,0
311254,0,1
311255,0,1
311258,0,0
311268,0,0
311269,0,1
311271,0,0
311272,0,0
312009,0,1
312010,0,0
312014,0,0
312016,0,0
312020,0,1
312022,0,1
312024,0,0
312029,0,1
312031,0,0
312035,0,0
312036,0,0
312041,0,0
312043,0,0
312044,1,0
312052,0,1
312055,0,1
312056,0,0
312059,1,0
312064,0,0
312066,0,0
312067,0,1
312070,0,0
312073,0,0
312081,0,1
312087,0,0
312092,0,1
312094,0,0
312104,0,1
312107,0,0
312112,0,0
312114,0,1
312118,1,0
312128,0,0
312129,1,0
312130,1,1
312132,0,0
312141,0,0
312142,0,0
312148,0,1
312149,0,0
312153,0,1
312157,0,0
312158,0,0
312159,0,0
312162,0,0
312166,0,0
312182,0,0
312183,0,0
312184,0,0
312187,0,0
312198,0,0
312201,0,0
312203,0,0
312208,0,1
312214,1,1
312218,0,1
312219,1,0
312220,0,0
312221,0,0
312222,1,0
312223,0,0
312226,0,1
312230,0,0
312233,0,1
312238,0,1
312242,1,0
312244,1,0
312245,0,0
312247,0,1
312250,0,0
312251,0,0
312252,0,1
312256,0,0
312262,0,0
312264,0,0
312265,0,0
312266,0,1
312267,0,1
312272,0,0
312273,0,0
312280,0,0
312284,0,1
312286,0,1
312290,1,0
312296,0,0
312297,0,1
312299,0,0
312304,0,0
312309,0,0
312310,0,1
312314,0,0
312318,0,0
312320,0,0
312321,0,0
312322,0,1
312327,0,0
312328,0,0
312329,0,0
301234,0,0
303014,1,0
303134,1,0
303179,0,0
306071,1,1
309047,0,0
301001,0,0
301005,0,0
301009,0,1
301016,0,0
301019,0,0
301020,0,1
301026,0,0
301030,0,0
301034,1,0
301035,0,0
301039,0,1
301044,0,0
301045,0,0
301048,0,0
301049,1,1
301051,0,0
301053,0,0
301056,1,0
301060,0,0
301063,0,1
301064,1,1
301071,1,1
301072,0,0
301075,0,0
301081,0,0
301084,0,0
301087,0,0
301088,0,1
301094,0,1
301095,0,1
301101,0,0
301102,1,0
301103,1,0
301105,0,0
301108,0,0
301112,0,0
301114,0,0
301115,0,0
301124,0,0
301125,0,0
301126,0,0
301127,0,0
301129,0,1
301136,0,0
301144,0,0
301152,0,0
301159,0,0
301160,1,0
301161,0,1
301169,0,0
301171,0,0
301173,0,1
301180,0,1
301182,0,0
301187,1,0
301196,0,0
301197,1,0
301198,1,1
301199,0,0
301201,0,0
301202,0,0
301205,1,0
301209,0,0
301211,1,0
301212,0,0
301213,0,1
301217,0,0
301219,0,0
301220,0,0
301228,0,0
301232,0,0
301235,0,0
301236,0,0
301243,0,1
301244,1,1
301245,0,0
301248,1,1
301250,0,0
301255,1,0
302001,0,0
302002,0,0
302005,0,0
302006,0,0
302008,0,0
302010,0,0
302012,0,0
302018,1,0
302026,0,1
302027,0,0
302032,1,0
302038,0,0
302042,0,0
302043,0,0
302044,0,0
302046,1,0
302050,0,1
302051,0,0
302058,1,0
302059,0,0
302060,0,0
302061,0,0
302062,0,0
302065,0,1
302066,0,0
302067,1,1
302073,0,0
302084,0,0
302088,0,0
302089,1,0
302090,1,0
302092,1,1
302095,0,0
302096,0,0
302102,0,0
302104,0,0
302109,0,1
302113,0,1
302115,0,0
302118,0,0
302120,0,0
302121,0,0
302123,0,0
302127,0,0
302130,0,0
302131,0,0
302138,1,0
302146,0,1
302147,1,1
302148,0,0
302150,0,0
302154,0,0
302158,0,1
302164,0,0
302166,0,0
302174,0,1
302175,0,0
302178,1,0
302181,0,0
302182,0,0
302183,0,0
302184,0,1
302186,1,0
302193,0,0
302196,0,0
302199,0,1
302201,1,1
302205,0,1
302207,0,0
302209,0,0
302217,0,0
302220,1,0
302222,0,0
302226,0,0
303001,0,1
303005,0,1
303006,0,1
303009,0,0
303010,0,1
303013,0,0
303017,0,0
303027,0,0
303031,0,1
303033,0,0
303038,0,0
303039,0,0
303045,0,0
303048,0,1
303050,0,1
303054,0,0
303055,0,0
303057,0,1
303060,0,1
303061,0,0
303066,0,1
303068,0,0
303080,0,0
303084,0,0
303086,0,0
303087,0,1
303092,1,0
303095,0,1
303098,0,0
303099,0,0
303104,0,0
303107,0,0
303108,1,0
303109,1,0
303111,0,0
303115,0,0
303116,0,1
303122,0,0
303137,0,0
303140,0,1
303141,0,0
303150,0,1
303151,0,1
303152,0,0
303154,0,0
303155,1,0
303157,0,0
303162,0,1
303163,0,0
303168,0,0
303170,0,1
303172,0,0
303173,0,1
303180,0,0
303181,0,0
303184,0,0
303185,0,1
303186,1,0
303187,0,1
303193,0,0
303194,0,1
303199,0,0
303202,1,0
303210,0,1
303216,0,0
303222,0,0
303223,0,0
303236,0,0
303241,0,0
303242,0,0
303243,0,0
303248,0,0
303251,1,0
303257,0,0
303261,0,0
303262,1,0
303263,1,0
303265,0,0
303267,0,0
303269,0,1
303270,0,0
304008,0,0
304010,0,0
304011,0,0
304018,0,1
304020,1,1
304024,0,0
304036,0,0
304039,1,0
304043,0,1
304045,0,1
304053,0,0
304054,0,0
304057,0,0
304064,0,1
304072,0,0
304074,0,1
304076,0,1
304078,0,0
304082,0,0
304088,0,0
304090,0,0
304093,0,1
304099,0,0
304106,1,0
304112,1,0
304120,0,0
304121,0,0
304125,0,0
304134,0,1
304135,0,1
304138,0,0
304139,0,1
304141,0,0
304143,0,0
304164,0,0
304166,1,1
304173,0,0
304177,0,1
304181,0,1
304183,1,0
304185,1,0
304186,0,0
304188,0,1
304190,0,0
304192,0,1
304195,0,0
304196,0,0
304198,0,1
304201,0,0
304203,0,1
304204,0,0
304206,0,1
304208,0,0
304214,0,0
304215,0,0
304217,0,1
304218,0,0
304219,0,0
304220,0,0
304224,1,1
304227,0,0
304232,0,0
304233,1,0
304235,0,0
304241,0,0
304244,0,0
304248,1,0
304264,0,0
304266,0,0
304271,0,1
305001,0,0
305002,0,0
305003,0,0
305006,0,0
305007,0,0
305008,0,0
305019,0,0
305021,1,0
305024,1,1
305037,0,0
305038,0,0
305043,0,0
305045,0,0
305046,0,0
305051,0,0
305055,0,0
305057,0,0
305058,0,0
305061,0,0
305063,0,1
305064,1,1
305069,0,0
305071,0,0
305077,1,0
305080,0,0
305082,0,0
305083,0,0
305087,0,0
305090,1,0
305094,0,0
305096,1,0
305099,0,1
305106,0,0
305107,1,0
305115,0,0
305121,0,0
305123,1,0
305127,0,0
305130,0,0
305131,0,0
305135,0,0
305138,0,0
305142,1,0
305149,0,1
305150,1,0
305154,0,0
305157,0,0
305160,0,0
305167,0,0
305169,0,1
305174,1,0
305183,0,1
305188,0,0
305190,1,0
305191,0,0
305192,0,0
305194,0,1
305202,0,1
305203,0,0
305205,0,0
305210,0,0
305212,0,0
305214,0,0
305215,0,0
305216,1,0
305218,0,0
305221,1,0
305223,0,0
305224,0,1
305225,0,1
305227,0,0
305228,0,0
305239,0,0
305241,0,1
305242,0,0
305246,0,0
305247,0,1
305248,0,1
305252,0,0
305253,0,0
305257,0,0
305260,0,0
306011,0,0
306015,0,0
306018,0,1
306026,0,1
306028,0,1
306029,0,0
306033,0,1
306034,0,0
306036,0,1
306042,0,1
306046,1,0
306047,0,0
306056,0,0
306057,0,1
306065,0,0
306069,0,0
306072,0,0
306081,0,0
306082,0,0
306083,0,0
306085,0,0
306092,0,1
306093,0,0
306095,0,0
306096,0,0
306097,0,0
306099,0,0
306101,0,0
306104,0,0
306106,1,1
306109,0,1
306116,0,1
306119,1,0
306121,0,0
306123,0,0
306133,0,1
306137,0,1
306142,0,1
306143,0,1
306146,0,0
306149,0,0
306152,0,0
306155,0,0
306156,0,0
306159,0,0
306170,1,1
306175,0,0
306181,0,0
306186,0,0
306194,1,0
306196,0,0
306197,0,0
306204,0,0
306205,1,0
306209,0,0
306210,1,0
306211,0,1
306212,0,1
306219,0,0
306220,1,0
306225,0,1
306229,1,0
306232,0,0
306235,0,1
306238,1,1
306247,0,1
306248,0,0
306249,0,0
306252,0,0
306255,0,0
306256,0,0
306257,0,0
306264,0,0
306265,0,0
306268,0,0
306270,0,0
306273,0,0
306279,0,0
306284,0,1
306285,0,0
306286,0,0
306287,0,0
306293,0,0
306294,0,0
306297,0,0
307006,1,1
307009,0,0
307016,1,1
307022,0,1
307024,0,0
307026,0,1
307029,0,0
307034,0,0
307035,0,0
307036,0,0
307037,0,0
307038,0,0
307040,0,0
307041,0,1
307047,0,0
307053,0,0
307055,0,0
307067,0,0
307068,0,0
307071,0,1
307077,0,1
307078,1,0
307081,0,0
307086,0,0
307087,1,0
307089,0,0
307093,0,0
307100,0,0
307101,0,1
307104,0,0
307107,0,0
307110,0,1
307112,0,0
307116,0,0
307124,0,0
307125,0,0
307126,0,0
307128,0,1
307138,0,1
307139,0,0
307141,0,0
307149,0,1
307156,0,0
307161,0,0
307164,1,0
307165,1,1
307171,0,0
307172,0,0
307176,0,0
307179,0,0
307181,0,0
307184,1,0
307186,1,0
307188,0,0
307190,0,0
307194,0,0
307197,0,0
307201,0,1
307204,0,0
307205,0,0
307209,0,1
307210,1,1
307211,0,0
307222,0,0
307226,0,0
307231,0,0
307232,1,0
307234,0,0
307241,0,1
307242,1,0
307243,0,0
307251,0,0
307256,0,0
307258,0,0
307259,0,0
307261,0,0
307266,0,0
307270,0,0
307271,0,1
307276,0,1
307279,1,0
307281,0,1
307300,0,0
307301,0,0
308002,0,0
308008,0,0
308013,0,0
308016,1,0
308021,1,1
308032,0,0
308036,0,0
308045,0,0
308048,0,0
308049,0,1
308052,0,0
308053,0,0
308055,0,1
308056,0,1
308057,1,0
308061,0,0
308063,0,1
308065,0,0
308068,0,1
308071,0,1
308076,0,0
308078,0,0
308079,0,0
308083,0,0
308087,0,0
308090,0,0
308091,1,0
308093,0,0
308096,1,0
308108,0,1
308110,0,1
308113,0,1
308115,0,0
308118,0,0
308120,0,0
308122,0,0
308123,0,0
308128,1,1
308130,0,0
308135,1,0
308140,0,0
308142,1,0
308145,1,0
308146,1,0
308152,0,0
308158,0,0
308159,0,0
308161,0,0
308168,0,0
308178,1,0
308183,0,0
308185,0,0
308193,0,1
308195,0,0
308200,0,1
308206,0,0
309001,0,0
309006,0,1
309012,0,0
309018,1,0
309019,0,0
309020,0,0
309021,0,1
309022,0,0
309031,1,0
309033,0,0
309035,0,0
309040,0,1
309041,1,0
309042,1,1
309044,0,0
309045,0,0
309048,0,0
309051,1,0
309054,0,0
309057,0,0
309061,0,0
309063,0,0
309067,1,0
309068,1,0
309069,0,1
309071,0,0
309074,0,0
309076,0,0
309077,0,0
309079,1,0
309084,0,0
309085,0,0
309090,0,0
309095,1,0
309099,1,0
309103,0,0
309110,0,0
309111,0,0
309112,0,0
309114,0,1
309117,0,0
309118,0,0
309119,0,0
309122,0,0
309124,0,0
309128,1,0
309131,1,0
309139,0,0
309143,0,0
309149,1,1
309152,0,1
309155,0,0
309158,0,0
309159,1,0
309162,1,0
309163,0,0
309164,0,0
309172,1,0
309175,0,0
309176,0,1
309177,0,1
309179,0,0
309180,0,1
309191,1,1
309192,0,0
309193,0,0
309196,1,0
309197,0,1
309199,0,1
309200,1,0
309201,0,1
309204,0,0
309205,0,0
309211,1,0
309215,0,0
309223,0,0
309229,0,0
309235,0,0
309237,0,0
309238,0,0
309246,0,1
309249,0,0
309253,0,0
309257,0,0
309261,0,0
309264,0,0
309266,0,0
309269,0,0
310001,0,1
310004,0,0
310009,0,0
310010,1,0
310019,0,1
310022,0,1
310026,0,0
310030,0,0
310031,0,0
310034,0,1
310036,0,0
310038,0,0
310051,0,0
310053,0,0
310056,0,0
310057,1,1
310059,0,0
310060,1,0
310062,0,0
310065,0,0
310069,1,0
310073,0,0
310074,0,0
310075,0,0
310077,0,1
310087,0,0
310088,0,0
310103,0,0
310105,0,0
310106,0,0
310110,1,0
310111,0,0
310113,0,1
310116,0,1
310118,0,0
310122,0,0
310127,0,0
310129,0,1
310135,0,0
310136,1,0
310138,0,0
310143,0,0
310145,0,0
310148,0,0
310149,0,0
310156,1,0
310157,0,0
310163,0,0
310169,0,0
310170,0,0
310176,0,1
310178,0,0
310180,0,0
310182,1,1
310183,0,0
310188,0,1
310189,0,1
310190,0,0
310191,0,0
310200,1,0
310204,0,0
310210,0,0
310211,0,0
310216,0,0
310217,0,0
310218,0,1
310223,0,0
310229,1,0
310231,0,0
310237,0,0
310255,0,0
310263,0,0
310264,0,0
310267,0,0
310272,0,1
310276,0,0
310286,0,0
310291,0,0
311001,0,0
311005,1,0
311019,0,1
311022,0,0
311028,0,0
311029,0,0
311031,0,0
311034,0,1
311035,0,0
311043,0,0
311046,0,0
311048,0,0
311049,0,0
311052,0,0
311053,0,0
311055,1,0
311062,0,0
311063,0,0
311064,0,0
311073,1,1
311074,0,1
311076,0,0
311078,0,0
311082,0,0
311087,0,0
